-- phpMyAdmin SQL Dump
-- version 4.7.0
-- https://www.phpmyadmin.net/
--
-- Servidor: 127.0.0.1
-- Tiempo de generación: 17-09-2018 a las 13:04:53
-- Versión del servidor: 10.1.25-MariaDB
-- Versión de PHP: 5.6.31

SET SQL_MODE = "NO_AUTO_VALUE_ON_ZERO";
SET AUTOCOMMIT = 0;
START TRANSACTION;
SET time_zone = "+00:00";


/*!40101 SET @OLD_CHARACTER_SET_CLIENT=@@CHARACTER_SET_CLIENT */;
/*!40101 SET @OLD_CHARACTER_SET_RESULTS=@@CHARACTER_SET_RESULTS */;
/*!40101 SET @OLD_COLLATION_CONNECTION=@@COLLATION_CONNECTION */;
/*!40101 SET NAMES utf8mb4 */;

--
-- Base de datos: `tecno`
--
CREATE DATABASE IF NOT EXISTS `tecno` DEFAULT CHARACTER SET latin1 COLLATE latin1_swedish_ci;
USE `tecno`;

-- --------------------------------------------------------

--
-- Estructura de tabla para la tabla `cargo`
--

CREATE TABLE `cargo` (
  `id` int(11) NOT NULL,
  `cargo` varchar(50) NOT NULL
) ENGINE=InnoDB DEFAULT CHARSET=latin1;

--
-- Volcado de datos para la tabla `cargo`
--

INSERT INTO `cargo` (`id`, `cargo`) VALUES
(1, 'Admin'),
(2, 'Tecnico (a)'),
(3, 'Vendedor (a)');

-- --------------------------------------------------------

--
-- Estructura de tabla para la tabla `clientes`
--

CREATE TABLE `clientes` (
  `id` int(11) NOT NULL,
  `nac_id` int(11) NOT NULL,
  `ced_cli` int(11) NOT NULL,
  `nom_cli` varchar(100) NOT NULL,
  `ape_cli` varchar(100) NOT NULL,
  `gen_cli` varchar(1) NOT NULL,
  `dir_cli` varchar(100) NOT NULL,
  `telf_cli` varchar(12) DEFAULT NULL,
  `created_at` datetime DEFAULT NULL,
  `update_at` datetime DEFAULT NULL
) ENGINE=InnoDB DEFAULT CHARSET=latin1;

--
-- Volcado de datos para la tabla `clientes`
--

INSERT INTO `clientes` (`id`, `nac_id`, `ced_cli`, `nom_cli`, `ape_cli`, `gen_cli`, `dir_cli`, `telf_cli`, `created_at`, `update_at`) VALUES
(1, 1, 13705679, 'Alexandra ', 'Morales', 'F', 'Chururu', '0426-6776859', '2018-01-31 14:38:00', '2018-01-31 14:38:00'),
(2, 1, 16422615, 'Juan Carlos ', 'Leon', 'M', 'El Piñal', '', '2018-01-31 21:35:00', '2018-01-31 21:35:00'),
(3, 1, 25168659, 'Manuel', 'Leon', 'M', 'San Lorenzo', '0424-7632954', '2018-02-01 15:16:00', '2018-02-01 15:16:00'),
(4, 1, 11685959, 'Jose ', 'Pernia', 'M', 'El Piñal, Calle 1.', '0426-5708277', '2018-02-01 15:35:00', '2018-02-01 15:35:00'),
(5, 1, 25918976, 'Elias', 'Molina', 'M', 'Carrera 5 El Piñal', '0414-1779317', '2018-02-01 16:12:00', '2018-02-01 16:12:00'),
(6, 1, 19353697, 'Joel ', 'Rodriguez', 'M', 'San Lorenzo Iii Etapa', '0426-1732376', '2018-02-01 17:20:00', '2018-02-01 17:20:00'),
(7, 1, 17864696, 'Maria', 'Gonzalez ', 'M', 'Pto Vivas', '', '2018-02-01 18:02:00', '2018-02-01 18:02:00'),
(8, 1, 21417361, 'Robert ', 'Baron', 'M', 'El Milagro', '0414-9553086', '2018-02-01 21:17:00', '2018-02-01 21:17:00'),
(9, 1, 11496779, 'Neida ', 'Gonzalez ', 'M', 'Urbanización Los Morichitos', '0426-9763429', '2018-02-01 22:00:00', '2018-02-01 22:00:00'),
(10, 1, 22688044, 'Maria ', 'Galindo', 'F', 'El Milagro.', '0424-9435653', '2018-02-02 16:05:00', '2018-02-02 16:05:00'),
(11, 1, 5652014, 'Fernando', 'Ramirez', 'M', 'Doradas', '', '2018-02-02 17:07:00', '2018-02-02 17:07:00'),
(12, 1, 17302261, 'Erika ', 'Contreras', 'F', 'Villa Monterey ', '0424-0768274', '2018-02-02 17:14:00', '2018-02-02 17:14:00'),
(13, 1, 26207033, 'Johel', 'Zambrano', 'M', 'El Piñal- Morichitos', '0412-687852', '2018-02-02 17:18:00', '2018-02-02 17:18:00'),
(14, 1, 26465699, 'Paola', 'Aquino', 'F', 'San Lorenzo', '0414-7348827', '2018-02-02 17:24:00', '2018-02-02 17:24:00'),
(15, 1, 18762720, 'Doris', 'Contreras', 'F', 'Naranjales', '0277-3746584', '2018-02-02 18:14:00', '2018-02-02 18:14:00'),
(16, 1, 20424040, 'Alba ', 'Morela', 'F', 'El Piñal', '0424-6438755', '2018-02-02 23:21:00', '2018-02-02 23:21:00'),
(17, 1, 23548696, 'Carolina ', 'Artila', 'F', 'El Piñal', '0416-6730227', '2018-02-03 14:36:00', '2018-02-03 14:36:00'),
(18, 1, 24783868, 'Dina ', 'Aponte', 'F', 'La Isla', '0416-3788968', '2018-02-03 17:04:00', '2018-02-03 17:04:00'),
(19, 1, 27460072, 'Lismeris', 'Contreras', 'F', 'San Lorenzo', '0414-0744736', '2018-02-03 17:24:00', '2018-02-03 17:24:00'),
(20, 1, 26207811, 'Mildre', 'Remirez', 'F', 'Chururu', '0412-1270799', '2018-02-03 17:41:00', '2018-02-03 17:41:00'),
(21, 1, 25768165, 'Darwin ', 'Castillo', 'M', 'El Crisol', '0414-7135451', '2018-02-03 17:48:00', '2018-02-03 17:48:00'),
(23, 1, 18089606, 'Franyeli .', 'Alvarez', 'F', '.', '', '2018-02-05 14:09:00', '2018-02-05 14:09:00'),
(24, 1, 3552644, 'Robert ', 'King', 'M', 'San Lorenzo', '', '2018-02-05 14:14:00', '2018-02-05 14:14:00'),
(25, 1, 1, 'Geovanny', 'Suarez', 'M', '.', '', '2018-02-05 14:18:00', '2018-02-05 14:18:00'),
(28, 1, 15567053, 'Yorman', 'Perez', 'M', 'Finca-', '0414-7323795', '2018-02-05 16:19:00', '2018-02-05 16:19:00'),
(29, 1, 12817166, 'Caro ', 'Ayala', 'F', 'Chururu', '0424-7555288', '2018-02-05 16:24:00', '2018-02-05 16:24:00'),
(30, 1, 25650581, 'Aleida', 'Ramirez', 'F', 'Pto Vivas\r\n', '0414-0822694', '2018-02-05 16:52:00', '2018-02-05 16:52:00'),
(32, 1, 25977152, 'Rosa', 'Viilla', 'F', 'San Lorenzo', '', '2018-02-05 19:55:00', '2018-02-05 19:55:00'),
(33, 1, 17724276, 'Lender ', 'Nieto', 'M', 'El Piñal', '0416-1726586', '2018-02-05 21:46:00', '2018-02-05 21:46:00'),
(34, 1, 15502740, 'Miguel', 'Mora', 'M', 'Naranjales', '0424-7728796', '2018-02-05 21:51:00', '2018-02-05 21:51:00'),
(35, 1, 17358758, 'Rocio', 'Malagon', 'F', 'La Isla\r\n\r\n', '0426-8504089', '2018-02-05 22:12:00', '2018-02-05 22:12:00'),
(36, 1, 19755169, 'Edgar', 'Mora', 'M', 'Puente Salon', '0414-7254726', '2018-02-06 14:40:00', '2018-02-06 14:40:00'),
(37, 1, 26980820, 'Camilo', 'Camargo', 'M', 'Naranjales', '0414-7261879', '2018-02-06 15:59:00', '2018-02-06 15:59:00'),
(38, 1, 28228705, 'Edgar', 'Saavedra', 'M', 'Los Manguitos', '0426-1717300', '2018-02-06 16:53:00', '2018-02-06 16:53:00'),
(39, 1, 13792773, 'Oscar', 'Araque', 'M', 'Naranjales', '0412-0749790', '2018-02-06 16:58:00', '2018-02-06 16:58:00'),
(40, 1, 20733920, 'Carolina', 'Villamizar', 'F', 'El Piñal, Carrera 6', '0414-7360913', '2018-02-06 22:25:00', '2018-02-06 22:25:00'),
(41, 1, 26209374, 'Maryuri', 'Contreras', 'F', 'Naranjales', '0426-4271347', '2018-02-07 15:15:00', '2018-02-07 15:15:00'),
(42, 1, 17862512, 'Gerson', 'Contreras', 'M', 'La Morita\r\n', '0424-7194074', '2018-02-07 15:21:00', '2018-02-07 15:21:00'),
(43, 1, 25343431, 'Daniel', 'Urdaneta', 'M', 'La Reforma ', '0414-7308636', '2018-02-07 15:25:00', '2018-02-07 15:25:00'),
(44, 1, 20898843, 'Juan', 'Zambrano', 'M', 'El Piñal', '0424-7681726', '2018-02-07 15:31:00', '2018-02-07 15:31:00'),
(45, 1, 13349950, 'Adela ', 'Ardila', 'F', 'Valle Lorena\r\n', '0414-0555507', '2018-02-07 16:15:00', '2018-02-07 16:15:00'),
(46, 1, 14984917, 'Pedro ', ' Contreras', 'M', 'Doradas', '0412-1202629', '2018-02-07 16:37:00', '2018-02-07 16:37:00'),
(47, 1, 13506697, 'Deisy', 'Jaimes', 'F', 'El Piñal Calle 3', '0426-5779375', '2018-02-07 16:53:00', '2018-02-07 16:53:00'),
(48, 1, 18792800, 'Fernando', 'Salazar', 'M', 'El Pinal', '000', '2018-02-07 22:04:00', '2018-02-07 22:04:00'),
(49, 1, 5645883, 'Jose', 'Escalante', 'M', 'El Piñal', '0412-7649477', '2018-02-08 15:08:00', '2018-02-08 15:08:00'),
(50, 1, 21320346, 'Yovanny', 'Carrillo ', 'M', 'La Ceiba', '0416-0715171', '2018-02-08 15:12:00', '2018-02-08 15:12:00'),
(51, 1, 13149736, 'Yasmin', 'Izaguirre', 'M', 'Santo Domingo', '0414-7161634', '2018-02-08 15:24:00', '2018-02-08 15:24:00'),
(52, 1, 16124364, 'Jhonatan', 'Ortega ', 'M', 'El Cerro', '0424-7089394', '2018-02-08 15:47:00', '2018-02-08 15:47:00'),
(53, 1, 19776152, 'Jose', 'Rojas', 'M', 'Doradas', '0412-7994358', '2018-02-08 16:16:00', '2018-02-08 16:16:00'),
(54, 1, 11107942, 'Xiomara.', 'Ramirez', 'F', 'Doradas', '', '2018-02-08 16:41:00', '2018-02-08 16:41:00'),
(55, 1, 24474487, 'Yurbi', 'Rojas', 'F', 'El Nula ', '', '2018-02-08 16:56:00', '2018-02-08 16:56:00'),
(56, 1, 13145909, 'Jose', 'Rujano', 'M', 'Naranjales\r\n', '', '2018-02-08 17:00:00', '2018-02-08 17:00:00'),
(57, 1, 9235030, 'Iris', 'Villamarin', 'F', '.', '0412-1618876', '2018-02-08 20:58:00', '2018-02-08 20:58:00'),
(58, 1, 16612305, 'Vanessa Carolina', 'Garcia Sayago', 'F', 'El Piñal', '0414-7540011', '2018-02-08 23:18:00', '2018-02-08 23:18:00'),
(59, 1, 14776709, 'Marisela', 'Barajas', 'F', 'Naranjales', '0416-1728116', '2018-02-09 15:29:00', '2018-02-09 15:29:00'),
(60, 1, 19540000, 'Gladys ', 'Cardenas', 'F', 'Naranjales', '0424-7138250', '2018-02-09 15:49:00', '2018-02-09 15:49:00'),
(61, 1, 5680912, 'Maria', 'Useche', 'F', 'San Lorenzo', '0426-9510068', '2018-02-09 16:19:00', '2018-02-09 16:19:00'),
(62, 1, 31357342, 'Justin', 'Bello', 'M', 'El Piñal', '', '2018-02-09 21:48:00', '2018-02-09 21:48:00'),
(63, 1, 15502048, 'Luz', 'Medi', 'M', 'El Piñal\r\n', '', '2018-02-09 22:01:00', '2018-02-09 22:01:00'),
(65, 1, 18792282, 'Yovanny ', 'Ayala', 'M', 'Los Manguitos Via El Nula  ', '0412-0754726', '2018-02-10 15:20:00', '2018-02-10 15:20:00'),
(66, 1, 13977255, 'Jose', 'Colmenares', 'M', 'La Morita\r\n', '', '2018-02-10 16:05:00', '2018-02-10 16:05:00'),
(67, 1, 26168586, 'Mayla', 'Mendoza', 'F', 'El Jordan ', '0412-7885592', '2018-02-10 16:15:00', '2018-02-10 16:15:00'),
(68, 1, 27724578, 'Elmi ', 'Guerreró', 'M', 'El Piñal', '0412-5807092', '2018-02-10 16:54:00', '2018-02-10 16:54:00'),
(69, 1, 22686639, 'Marley ', 'Guarin', 'F', 'Puerto Vivas', '', '2018-02-14 14:23:00', '2018-02-14 14:23:00'),
(70, 1, 23656273, 'Junior ', 'Moncada', 'M', 'La Isla \r\n', '', '2018-02-14 14:46:00', '2018-02-14 14:46:00'),
(71, 1, 17220899, 'Yoneifer', 'Cardenas', 'M', 'El Piñal\r\n', '0426-4779703', '2018-02-14 15:23:00', '2018-02-14 15:23:00'),
(72, 1, 5671772, 'Jose ', 'Guerreró', 'M', 'Pabellon ', '0426-3927178', '2018-02-14 15:44:00', '2018-02-14 15:44:00'),
(73, 1, 18192658, 'Jose', 'Velazques', 'M', 'Pto Vivas', '0424-7152166', '2018-02-14 15:48:00', '2018-02-14 15:48:00'),
(74, 1, 17369744, 'Yhonny', 'Lizcano', 'M', 'Cuite\r\n', '', '2018-02-14 15:57:00', '2018-02-14 15:57:00'),
(75, 1, 81862721, 'Jose', 'Torres ', 'M', 'Naranjles', '', '2018-02-14 16:14:00', '2018-02-14 16:14:00'),
(76, 1, 21418659, 'Diana', 'Olivo', 'F', 'El Piñal', '0424-7487592', '2018-02-14 16:44:00', '2018-02-14 16:44:00'),
(77, 1, 26207816, 'Vicente', 'Salcedo', 'M', 'El Piñal', '0414-7531179', '2018-02-14 16:53:00', '2018-02-14 16:53:00'),
(78, 1, 25338353, 'Greisy ', 'Duarte', 'F', 'El Piñal \r\n', '0412-9687599', '2018-02-14 17:46:00', '2018-02-14 17:46:00'),
(79, 1, 24356349, 'Joel', 'Gutierrez', 'M', 'Naranjales', '', '2018-02-14 20:32:00', '2018-02-14 20:32:00'),
(80, 1, 15565045, 'Yenner', 'Medina', 'M', 'El Piñal ', '0416-2775694', '2018-02-14 20:48:00', '2018-02-14 20:48:00'),
(81, 1, 13550096, 'Nancy', 'Rodriguez', 'F', 'Entrada De Pto Vivas', '0424-284613', '2018-02-14 21:12:00', '2018-02-14 21:12:00'),
(82, 1, 14552560, 'Juan Jose', 'Campos', 'M', 'El Piñal', '0426-3025530', '2018-02-14 21:59:00', '2018-02-14 21:59:00'),
(83, 1, 19977489, 'Daniela', 'Cardenas', 'F', 'El Cerro\r\n', '0424-7737515', '2018-02-14 23:26:00', '2018-02-14 23:26:00'),
(84, 1, 19049371, 'Adriana', 'Celis', 'F', 'El Piñal', '0426-1022266', '2018-02-15 15:18:00', '2018-02-15 15:18:00'),
(85, 1, 22673603, 'Ana', 'Rodriguez', 'F', 'San Lorenzo', '0414-7511614', '2018-02-15 16:08:00', '2018-02-15 16:08:00'),
(86, 1, 26892709, 'Elizabeth', 'Soto', 'F', 'Naranjales', '0412-6867749', '2018-02-15 17:01:00', '2018-02-15 17:01:00'),
(87, 1, 11133816, 'Allan', 'Villalobos', 'M', 'Naranjales', '0416-5750459', '2018-02-15 20:30:00', '2018-02-15 20:30:00'),
(88, 1, 5680226, 'Ana', 'Nurzy', 'F', 'San Lorenzo', '0414-7135894', '2018-02-15 22:44:00', '2018-02-15 22:44:00'),
(89, 1, 14265831, 'Ines', 'Marquez', 'F', 'El Piñal', '0426-3763944', '2018-02-15 23:22:00', '2018-02-15 23:22:00'),
(90, 1, 10748477, 'Gerson', 'Chacon', 'M', 'San Lorenzo', '0424-7067184', '2018-02-16 15:57:00', '2018-02-16 15:57:00'),
(91, 1, 18959110, 'Jonathan ', 'Buitriago', 'M', 'Pabellon ', '0414-7048931', '2018-02-16 16:31:00', '2018-02-16 16:31:00'),
(92, 1, 19502397, 'Sandra', 'Garcia', 'M', 'Uribante', '0426-5406064', '2018-02-16 16:50:00', '2018-02-16 16:50:00'),
(93, 1, 21221311, 'Yeraldin', 'Buitriago', 'F', 'Recta De Ayari ', '0424-7401590', '2018-02-16 17:07:00', '2018-02-16 17:07:00'),
(94, 1, 9360146, 'Marisela ', 'Suarez', 'F', 'San Joaquin De Navay ', '0416-0870819', '2018-02-16 17:20:00', '2018-02-16 17:20:00'),
(95, 1, 10742929, 'Otoniel ', 'Garcia', 'M', 'Santo Domingo ', '0414-2354559', '2018-02-16 21:50:00', '2018-02-16 21:50:00'),
(96, 1, 21418521, 'Jose ', 'Lopez', 'M', 'Naranjales', '', '2018-02-16 22:06:00', '2018-02-16 22:06:00'),
(97, 1, 14368024, 'Luis', 'Sanchez', 'M', 'El Piñal', '0424-7044437', '2018-02-19 14:31:00', '2018-02-19 14:31:00'),
(98, 1, 19950020, 'Johanny', 'Marquez', 'M', 'El Piñal', '0412-1217576', '2018-02-19 14:40:00', '2018-02-19 14:40:00'),
(99, 1, 25168524, 'Deila ', 'Peña', 'F', '27 De Febrero ', '0411-6071756', '2018-02-19 15:15:00', '2018-02-19 15:15:00'),
(100, 1, 19769377, 'Coromoto ', 'Araque', 'F', 'La Isla', '0426-8719207', '2018-02-19 16:42:00', '2018-02-19 16:42:00'),
(101, 1, 13148583, 'Xiomara', 'Carrillo', 'F', 'Chururu', '0424-7104931', '2018-02-19 22:35:00', '2018-02-19 22:35:00'),
(102, 1, 18190262, 'Josefina', 'Pineda', 'F', 'Naranjales', '0416-0689091', '2018-02-20 14:26:00', '2018-02-20 14:26:00'),
(103, 1, 14784262, 'Wilmer', 'Morales', 'M', 'Puente Uribante', '0426-2750191', '2018-02-20 14:33:00', '2018-02-20 14:33:00'),
(104, 1, 28593773, 'Kenyerlin', 'Games', 'F', 'Naranjales', '0416-7725476', '2018-02-20 14:59:00', '2018-02-20 14:59:00'),
(105, 1, 25185420, 'Daniel', 'Duran', 'M', 'Naranjjales', '0426-3288511', '2018-02-20 15:23:00', '2018-02-20 15:23:00'),
(106, 1, 14433929, 'Marlin', 'Nieves', 'F', 'Naranjales', '0424-5142067', '2018-02-20 15:35:00', '2018-02-20 15:35:00'),
(107, 1, 19502014, 'Jose', 'Ramirez', 'M', 'Chururu', '0426-1557896', '2018-02-20 17:14:00', '2018-02-20 17:14:00'),
(108, 1, 17724888, 'Rolan', 'Guerreró', 'M', 'El Piñal', '000', '2018-02-20 17:39:00', '2018-02-20 17:39:00'),
(109, 1, 13149558, 'Rosalba', 'Ruiz', 'F', 'La Morita', '0424-7610647', '2018-02-20 20:50:00', '2018-02-20 20:50:00'),
(110, 1, 23752784, 'Gustavo', 'Rodriguez', 'M', 'Recta De Ayari', '0424-7818220', '2018-02-20 21:46:00', '2018-02-20 21:46:00'),
(111, 1, 19235015, 'Manuel', 'Pernia', 'M', 'Naranjales', '0412-6751254', '2018-02-21 15:24:00', '2018-02-21 15:24:00'),
(112, 1, 18425589, 'Reinal Antonio', 'Murillo', 'M', 'El Milagro', '0414-0800411', '2018-02-21 15:58:00', '2018-02-21 15:58:00'),
(113, 1, 12504441, 'Yorman', 'Moreno', 'M', 'El Piñal', '0426-9274757', '2018-02-21 16:32:00', '2018-02-21 16:32:00'),
(114, 1, 12235044, 'Elda', 'Acuña', 'F', 'Topochales', '000', '2018-02-22 16:25:00', '2018-02-22 16:25:00'),
(115, 1, 84419666, 'Fulgencio', 'Roa', 'M', 'Naranjales', '0416-770374', '2018-02-22 06:02:00', '2018-02-22 06:02:00'),
(116, 1, 28422893, 'Sandra', 'Moncada', 'F', 'Villa Paraiso', '0426-3299853', '2018-02-22 08:04:00', '2018-02-22 08:04:00'),
(117, 1, 25168941, 'Cecilia', 'Buitrago', 'F', 'Valle Lorena', '0426-8024831', '2018-02-22 08:10:00', '2018-02-22 08:10:00'),
(118, 1, 18879904, 'Luis', 'Carrero', 'M', 'El Piñal', '0426-8789619', '2018-02-22 08:17:00', '2018-02-22 08:17:00'),
(119, 1, 19598578, 'Mirlei', 'Vivas', 'F', 'Pabellon', '000', '2018-02-22 08:24:00', '2018-02-22 08:24:00'),
(120, 1, 23132794, 'Liliana', 'Buitrago', 'F', 'San Joaquin De Navay', '0426-6874788', '2018-02-26 14:44:00', '2018-02-26 14:44:00'),
(121, 1, 12229083, 'Marivel ', 'Moncada', 'F', 'Chururu', '0414-7289346', '2018-02-26 15:12:00', '2018-02-26 15:12:00'),
(122, 1, 21220588, 'Victor', 'Moncada', 'M', 'Puerto Vivas', '0414-0077126', '2018-02-26 15:23:00', '2018-02-26 15:23:00'),
(123, 1, 5670918, 'Pablo', 'Ortega', 'M', 'El Piñal', '0277-4147403', '2018-02-26 15:44:00', '2018-02-26 15:44:00'),
(124, 1, 20288073, 'Diego ', 'Sanchez', 'M', 'Naranjales', '0426-2787033', '2018-02-26 15:55:00', '2018-02-26 15:55:00'),
(125, 1, 12973079, 'Nancy', 'Flores', 'F', 'El Pabellon', '0426-2690844', '2018-02-26 16:08:00', '2018-02-26 16:08:00'),
(126, 1, 14259023, 'Maribel', 'Moncada', 'F', 'Km 22', '0416-8724537', '2018-02-26 16:14:00', '2018-02-26 16:14:00'),
(127, 1, 25259011, 'Rosmary', 'Vargas', 'F', 'Naranjales', '0426-4677515', '2018-02-26 16:18:00', '2018-02-26 16:18:00'),
(128, 1, 12970731, 'Marisol', 'Carrillo', 'F', 'San Lorenzo', '0424-7064864', '2018-02-26 16:54:00', '2018-02-26 16:54:00'),
(129, 1, 26622754, 'Yolimar', 'Varela', 'F', 'Chururu', '0416-5954884', '2018-02-26 21:07:00', '2018-02-26 21:07:00'),
(130, 1, 10178520, 'Nancy', 'Rodriguez', 'F', 'Renato La Porta El Piñal', '0426-3757869', '2018-02-26 21:11:00', '2018-02-26 21:11:00'),
(131, 1, 20169837, 'Johana', 'Bayona', 'F', 'Naranjales', '0414-7241403', '2018-02-26 21:59:00', '2018-02-26 21:59:00'),
(132, 1, 12549253, 'Milagros', 'Camejo', 'F', 'Naranjales', '0412-1671115', '2018-02-27 15:04:00', '2018-02-27 15:04:00'),
(133, 1, 21342405, 'Franyer ', 'Montilna', 'M', 'San Lorenzo', '0424-7489291', '2018-02-27 16:57:00', '2018-02-27 16:57:00'),
(134, 1, 9794327, 'Fanny Luz', 'Contreras', 'F', 'Chururu', '0416-4796750', '2018-02-27 17:03:00', '2018-02-27 17:03:00'),
(135, 1, 19050058, 'Sandra', 'Escobar', 'F', 'El Piñal', '0424-7291840', '2018-02-28 13:51:00', '2018-02-28 13:51:00'),
(136, 1, 15028434, 'Wilmer', 'Zambrano', 'M', 'El Piñal', '0277-2347567', '2018-02-28 14:29:00', '2018-02-28 14:29:00'),
(137, 1, 16422222, 'Francis', 'Rodriguez', 'F', 'San Lorenzo', '0416-9758618', '2018-02-28 16:46:00', '2018-02-28 16:46:00'),
(138, 1, 23541996, 'Jhon ', 'Arango', 'M', 'El Piñal', '0412-5493653', '2018-02-28 21:12:00', '2018-02-28 21:12:00'),
(139, 1, 16759485, 'Rusber ', 'Sira', 'M', 'San Lorenzo 3ra Etapa', '0414-5777490', '2018-02-28 21:23:00', '2018-02-28 21:23:00'),
(140, 1, 26207123, 'Mariluz', 'Mora', 'M', 'El Piñal', '0426-8752871', '2018-02-28 22:21:00', '2018-02-28 22:21:00'),
(141, 1, 19132726, 'Jose', 'Alexander', 'M', 'Naranjales', '0412-4111945', '2018-03-01 14:28:00', '2018-03-01 14:28:00'),
(142, 1, 16122604, 'Edgar', 'Maldonado', 'M', 'Naranjales', '0424-7072054', '2018-03-01 14:44:00', '2018-03-01 14:44:00'),
(143, 1, 24783787, 'Osneida', 'Jaimez', 'F', 'Caucaguita', '0416-1465520', '2018-03-01 15:43:00', '2018-03-01 15:43:00'),
(144, 1, 20880510, 'Abrahan', 'Contreras', 'M', 'Chururu', '0424-1588843', '2018-03-01 16:33:00', '2018-03-01 16:33:00'),
(145, 1, 18691922, 'Yimi', 'Garzon', 'M', 'El Piñal', '0424-7104342', '2018-03-01 17:03:00', '2018-03-01 17:03:00'),
(146, 1, 25168422, 'Jaimar', 'Angarita', 'M', 'Naranjales', '0426-3264342', '2018-03-01 18:13:00', '2018-03-01 18:13:00'),
(147, 1, 15784396, 'Daniel ', 'Higuera', 'M', 'El Milagro Via El Llano', '0414-0826224', '2018-03-01 20:09:00', '2018-03-01 20:09:00'),
(148, 1, 12228615, 'Gladys ', 'Gomez', 'F', 'La Morita', '0426-3743548', '2018-03-01 22:02:00', '2018-03-01 22:02:00'),
(149, 1, 19133428, 'Albert ', 'Vivas', 'M', 'El Variante', '0416-0902122', '2018-03-01 22:20:00', '2018-03-01 22:20:00'),
(150, 1, 23136798, 'Yusmary', 'Vivas', 'F', 'Naranjales', '0424-7280472', '2018-03-02 15:42:00', '2018-03-02 15:42:00'),
(151, 1, 22633872, 'Luz', 'Gonzales', 'F', 'Naranjales', '0441-2169513', '2018-03-02 16:37:00', '2018-03-02 16:37:00'),
(152, 1, 19359682, 'Jessy', 'Sanchez', 'F', 'San Lorenzo', '0416-2775312', '2018-03-02 17:54:00', '2018-03-02 17:54:00'),
(153, 1, 17863826, 'Angel', 'Garcia', 'M', 'Naranjales', '0424-7325160', '2018-03-02 19:01:00', '2018-03-02 19:01:00'),
(154, 1, 19579965, 'Elio Omar', 'Barrera', 'M', 'El Piñal', '0426-1796140', '2018-03-02 19:42:00', '2018-03-02 19:42:00'),
(155, 1, 27460014, 'Brayan', 'Araque', 'M', 'La Morita', '0414-971443', '2018-03-02 20:17:00', '2018-03-02 20:17:00'),
(156, 1, 21419200, 'Yeissy', 'Zambrano', 'F', 'El Pabellon', '0414-7432652', '2018-03-02 20:59:00', '2018-03-02 20:59:00'),
(157, 1, 19599196, 'Jhony', 'Hernandez', 'M', 'El Piñal', '0414-7223666', '2018-03-02 21:09:00', '2018-03-02 21:09:00'),
(158, 1, 17370783, 'Dileyma', 'Abril', 'F', 'El Piñal', '0426-2782456', '2018-03-02 22:13:00', '2018-03-02 22:13:00'),
(159, 1, 15604782, 'Jhonny', 'Lopez', 'M', 'El Piñal, Calle Principal Edf. Jymmar', '0412-0717312', '2018-03-03 14:40:00', '2018-03-03 14:40:00'),
(160, 1, 16612106, 'Victor', 'Ramirez', 'M', 'Naranjales', '0426-2168416', '2018-03-03 14:46:00', '2018-03-03 14:46:00'),
(161, 1, 21766360, 'Flavio', 'Perez', 'M', 'El Piñal', '0414-7000858', '2018-03-03 16:21:00', '2018-03-03 16:21:00'),
(162, 1, 20734627, 'Yuleinny ', 'Vivas', 'F', 'El Milagro', '0424-7220157', '2018-03-03 19:40:00', '2018-03-03 19:40:00'),
(163, 1, 15501878, 'Dany Jose', 'Permia Araque', 'M', 'El Piñal', '0412-6429735', '2018-03-05 15:11:00', '2018-03-05 15:11:00'),
(164, 1, 18856776, 'Idolfo', 'Mora', 'M', 'Via Pregonero', '0416-5499248', '2018-03-05 15:29:00', '2018-03-05 15:29:00'),
(165, 1, 11499544, 'Eduardo', 'Molina', 'M', 'Jordan', '0414-3717923', '2018-03-05 15:39:00', '2018-03-05 15:39:00'),
(166, 1, 10163193, 'Onorio', 'Araque', 'M', 'Caño Regreso', '0426-6713422', '2018-03-05 15:55:00', '2018-03-05 15:55:00'),
(167, 1, 96126104, 'Avadel', 'Caceres', 'M', 'Naranjales', '0412-0623994', '2018-03-05 15:59:00', '2018-03-05 15:59:00'),
(168, 1, 14546396, 'Gonzalo', 'Bustamante', 'M', 'Puerto Vivas', '0277-5148239', '2018-03-05 16:02:00', '2018-03-05 16:02:00'),
(169, 1, 10013104, 'Nicolas', 'Gonzalez', 'M', 'El Socorro', '0424-7107993', '2018-03-05 16:07:00', '2018-03-05 16:07:00'),
(170, 1, 19501907, 'Richard', 'Rodriguez', 'M', 'San Lorenzo', '0414-7807840', '2018-03-05 20:03:00', '2018-03-05 20:03:00'),
(171, 1, 24150309, 'Viviana', 'Peña', 'F', 'El Piñal', '0414-1029383', '2018-03-05 20:30:00', '2018-03-05 20:30:00'),
(172, 1, 27724575, 'Alejandra', 'Vivas', 'F', 'Fundacion', '0426-9737234', '2018-03-05 20:54:00', '2018-03-05 20:54:00'),
(173, 1, 15241253, 'Anderzon', 'Hurbina', 'M', 'El Nula', '0414-0770406', '2018-03-05 21:06:00', '2018-03-05 21:06:00'),
(174, 1, 13587412, 'Solin', 'Bueno', 'M', 'El Piñal, Morichitos', '0414-4594145', '2018-03-06 00:19:00', '2018-03-06 00:19:00'),
(175, 1, 27270928, 'Andreina', 'Pereira', 'F', 'Los Cañitos', '0416-0737629', '2018-03-06 15:18:00', '2018-03-06 15:18:00'),
(176, 1, 14042212, 'Alexander', 'Zambrano', 'M', 'El Piñal', '0426-9912914', '2018-03-06 15:33:00', '2018-03-06 15:33:00'),
(177, 1, 10146470, 'Carmen', 'Morales', 'F', 'Chururu', '0414-0785183', '2018-03-06 16:12:00', '2018-03-06 16:12:00'),
(178, 1, 9235908, 'Maria', 'Rodrigez', 'F', 'El Piñal', '0424-7390356', '2018-03-06 17:20:00', '2018-03-06 17:20:00'),
(179, 1, 19033878, 'Rusmara', 'Segura', 'F', 'El Crisol ', '0416-9616581', '2018-03-06 17:33:00', '2018-03-06 17:33:00'),
(180, 1, 15924149, 'Pedro', 'Moreno', 'M', 'Los Manguitos', '0416-7747058', '2018-03-06 17:44:00', '2018-03-06 17:44:00'),
(181, 1, 11110120, 'Ivon', 'Sanchez', 'M', 'Chururu', '0414-7146826', '2018-03-06 19:59:00', '2018-03-06 19:59:00'),
(182, 1, 13350928, 'Jose', 'Castro', 'M', 'Naranjales', '0426-4101437', '2018-03-06 20:09:00', '2018-03-06 20:09:00'),
(183, 1, 19360671, 'Leydi', 'Villamizar', 'F', 'Guacas,', '0426-2799411', '2018-03-06 20:18:00', '2018-03-06 20:18:00'),
(184, 1, 23827966, 'Nelson', 'Nieto', 'M', 'San Lorenzo', '0424-7801840', '2018-03-06 21:39:00', '2018-03-06 21:39:00'),
(185, 1, 24783848, 'Yenny', 'Uzcategui', 'F', 'Naranjales', '0416-9191711', '2018-03-06 22:25:00', '2018-03-06 22:25:00'),
(186, 1, 16334795, 'Deisy', 'Sanchez', 'F', 'Guadalupe', '0416-2737195', '2018-03-07 15:45:00', '2018-03-07 15:45:00'),
(187, 1, 24191754, 'Jesus Maria', 'Molina', 'M', 'Guaimaran', '0416-0460760', '2018-03-07 18:05:00', '2018-03-07 18:05:00'),
(188, 1, 20733634, 'Yaritza', 'Milaval', 'F', 'El Piñal', '0414-739385', '2018-03-07 20:55:00', '2018-03-07 20:55:00'),
(189, 1, 19776355, 'Maryory', 'Bautista', 'M', 'Chururu', '0424-7432679', '2018-03-07 21:25:00', '2018-03-07 21:25:00'),
(190, 1, 10169027, 'Jose', 'Alviarez', 'M', 'El Jordan', '0424-7320649', '2018-03-07 22:09:00', '2018-03-07 22:09:00'),
(191, 1, 28077583, 'Yendry', 'Molina', 'F', 'La Morita', '0426-7763150', '2018-03-07 23:51:00', '2018-03-07 23:51:00'),
(192, 1, 15990827, 'Arli', 'Cacique', 'F', 'El Piñal', '0424-7207648', '2018-03-08 14:20:00', '2018-03-08 14:20:00'),
(193, 1, 16480505, 'Yonny', 'Pinilla', 'M', 'Naranjales', '0426-5755608', '2018-03-08 15:02:00', '2018-03-08 15:02:00'),
(194, 1, 15156336, 'Roberto', 'Duran', 'M', 'El Pabellon', '0426-9707501', '2018-03-08 16:15:00', '2018-03-08 16:15:00'),
(195, 1, 13349129, 'Maribel', 'Leal', 'F', 'Puente Uribante', '0416-8302449', '2018-03-08 16:26:00', '2018-03-08 16:26:00'),
(196, 1, 23140382, 'Maria', 'Contreras', 'F', 'El Nula', '0426-3992924', '2018-03-08 16:53:00', '2018-03-08 16:53:00'),
(197, 1, 28061506, 'Damaris', 'Rodriguez', 'F', 'El Jordan', '0416-2773826', '2018-03-08 17:22:00', '2018-03-08 17:22:00'),
(198, 1, 5653955, 'Arminio ', 'Espinel', 'M', 'Naranjales', '0424-7571591', '2018-03-08 17:35:00', '2018-03-08 17:35:00'),
(199, 1, 2698833, 'Brando', 'Maldonado', 'M', 'San Lorenzo', '0414-7211940', '2018-03-08 18:10:00', '2018-03-08 18:10:00'),
(200, 1, 19135161, 'Exar', 'Contreras', 'M', 'El Monero', '0416-1318570', '2018-03-08 19:03:00', '2018-03-08 19:03:00'),
(201, 1, 19353457, 'Krisw', 'Castro', 'F', 'El Monero', '0424-7555679', '2018-03-08 21:43:00', '2018-03-08 21:43:00'),
(202, 1, 31243624, 'Andrea', 'Rodriguez', 'F', 'La Pedrera', '0414-7530391', '2018-03-08 21:50:00', '2018-03-08 21:50:00'),
(203, 1, 19244508, 'Josue', 'Contreras', 'M', 'San Lorenzo', '0412-1636643', '2018-03-08 22:18:00', '2018-03-08 22:18:00'),
(204, 1, 25808051, 'Marizabeth', 'Castro', 'F', 'El Milagro', '0426-3908838', '2018-03-08 22:35:00', '2018-03-08 22:35:00'),
(205, 1, 19135104, 'Maria ', 'Cañas', 'F', 'La Blanquita', '0426-9775484', '2018-03-09 16:25:00', '2018-03-09 16:25:00'),
(206, 1, 29770870, 'Nelson', 'Piniña', 'M', 'Milagros', '0414-0789271', '2018-03-09 16:49:00', '2018-03-09 16:49:00'),
(207, 1, 15207539, 'Kuz Mary', 'Rio Sabedra', 'F', 'Naranjales', '0426-1788761', '2018-03-09 20:36:00', '2018-03-09 20:36:00'),
(208, 1, 17861262, 'Jackson', 'Flores', 'M', 'Chururu', '0416-5562214', '2018-03-09 20:41:00', '2018-03-09 20:41:00'),
(209, 1, 26207196, 'Ingrid', 'Salsedo', 'F', 'Naranjales', '0412-7990556', '2018-03-10 15:07:00', '2018-03-10 15:07:00'),
(210, 1, 29507964, 'Crisely', 'Ortiz', 'F', 'San Lorenzo, Sgnda Etapa Prte Alta', '0414-0777139', '2018-03-10 15:30:00', '2018-03-10 15:30:00'),
(211, 1, 12971510, 'Sanriago', 'Acuña', 'M', 'El Piñal, Calle 8', '0426-4765085', '2018-03-10 15:39:00', '2018-03-10 15:39:00'),
(212, 1, 31122643, 'Inocencio ', 'Caceres', 'M', 'Chururu Estado Tachira', '0277-4111682', '2018-03-12 15:00:00', '2018-03-12 15:00:00'),
(213, 1, 7365582, 'Jaimes ', 'Mejias', 'M', 'El Piñal', '0416-6751101', '2018-03-12 15:08:00', '2018-03-12 15:08:00'),
(214, 1, 13688958, 'Marli', 'Duarte', 'M', 'El Piñal', '0426-1616244', '2018-03-12 15:26:00', '2018-03-12 15:26:00'),
(215, 1, 22641672, 'Carmen ', 'Toloza', 'F', 'La Ceiba', '0426-6780505', '2018-03-12 16:28:00', '2018-03-12 16:28:00'),
(216, 1, 13792580, 'Ana', 'Roa', 'F', 'El Variante', '0426-9348297', '2018-03-12 16:34:00', '2018-03-12 16:34:00'),
(217, 1, 24781320, 'Anderson ', 'Gelvez', 'M', 'La Valeria', '0426-2795099', '2018-03-12 16:46:00', '2018-03-12 16:46:00'),
(218, 1, 15501961, 'Wilfredo', 'Ramirez', 'M', 'El Piñal', '0416-2703561', '2018-03-13 14:05:00', '2018-03-13 14:05:00'),
(219, 1, 15567300, 'Gabriela', 'Benavides', 'F', 'Naranjales', '0426-3385950', '2018-03-13 14:17:00', '2018-03-13 14:17:00'),
(220, 1, 8883963, 'Nancy', 'Allegra', 'M', 'El Piñal', '0424-4576518', '2018-03-13 14:45:00', '2018-03-13 14:45:00'),
(221, 1, 27270584, 'Jesus', 'Gutierres', 'M', 'Chururu', '0000', '2018-03-13 14:59:00', '2018-03-13 14:59:00'),
(222, 1, 19246125, 'Gleidy', 'Mendoza', 'F', 'Recta De Ayary', '0414-7135767', '2018-03-13 15:41:00', '2018-03-13 15:41:00'),
(223, 1, 18570894, 'Iris', 'Aecaona', 'F', 'Chururu', '00', '2018-03-13 16:09:00', '2018-03-13 16:09:00'),
(224, 1, 20516156, 'Francisco', 'Ortiz', 'M', 'Km22', '0414-7034323', '2018-03-13 17:30:00', '2018-03-13 17:30:00'),
(225, 1, 21064543, 'Isrrael', 'Pereira', 'M', 'Naranjales', '0414-0799853', '2018-03-13 18:05:00', '2018-03-13 18:05:00'),
(226, 1, 23542087, 'Celenia ', 'Hernandez', 'M', 'El Piñal', '0412-1259137', '2018-03-13 18:34:00', '2018-03-13 18:34:00'),
(227, 1, 15231132, 'Nancy', 'Nieto', 'F', 'Narajales', '0414-7007610', '2018-03-13 20:13:00', '2018-03-13 20:13:00'),
(228, 1, 28457787, 'Yadira', 'Rosales', 'F', 'Recta Ayary', '0424-7745201', '2018-03-13 20:50:00', '2018-03-13 20:50:00'),
(229, 1, 24112203, 'Jackson ', 'Padilla', 'M', 'Naranjales', '0414-0555507', '2018-03-13 22:27:00', '2018-03-13 22:27:00'),
(230, 1, 24819274, 'Mileidy ', 'Moncada', 'F', 'San Lorenzo', '0426-2568911', '2018-03-13 22:38:00', '2018-03-13 22:38:00'),
(231, 1, 23827459, 'Enmanuel', 'Zambrano', 'M', 'El Piñal', '0416-7221757', '2018-03-14 16:10:00', '2018-03-14 16:10:00'),
(232, 1, 18990108, 'Juan Carlos', 'Hernandez', 'M', 'Naranjales', '0424-7504802', '2018-03-14 16:19:00', '2018-03-14 16:19:00'),
(233, 1, 4632322, 'Rita', 'Mendez', 'F', 'Chururu', '0412-6662628', '2018-03-14 18:24:00', '2018-03-14 18:24:00'),
(234, 1, 28643085, 'Alfonso', 'Rodriguez', 'M', 'Chururu', '0424-7200947', '2018-03-15 15:08:00', '2018-03-15 15:08:00'),
(235, 1, 21003483, 'Maria ', 'Alviarez', 'F', 'Chururu ', '0412-3919480', '2018-03-15 15:33:00', '2018-03-15 15:33:00'),
(236, 1, 19234262, 'Doria ', 'Garnica', 'M', 'Puerto Vivas', '0424-7066017', '2018-03-15 15:40:00', '2018-03-15 15:40:00'),
(237, 1, 17208277, 'Karina', 'Quintero', 'F', 'Naranjales', '', '2018-03-15 16:10:00', '2018-03-15 16:10:00'),
(238, 1, 24651454, 'Glendy', 'Rangel', 'F', 'El Piñal', '00', '2018-03-15 17:21:00', '2018-03-15 17:21:00'),
(239, 1, 26988191, 'Yeferson', 'Cardenas', 'M', 'El Piñal', '0416-8716613', '2018-03-15 22:35:00', '2018-03-15 22:35:00'),
(240, 1, 18090638, 'Jhoan', 'Anselvin', 'M', 'San  Lorenzo', '0424-7566758', '2018-03-16 18:04:00', '2018-03-16 18:04:00'),
(241, 1, 15614625, 'Carlos ', 'Colmenares', 'M', 'La Ceiba', '0277-5143363', '2018-03-16 19:24:00', '2018-03-16 19:24:00'),
(242, 1, 28061012, 'Kevin', 'Lindarte', 'M', 'Chururu', '0416-1264540', '2018-03-17 15:40:00', '2018-03-17 15:40:00'),
(243, 1, 28243236, 'Anderson', 'Carbajal', 'M', 'El Milagro', '0414-3201295', '2018-03-17 16:35:00', '2018-03-17 16:35:00'),
(244, 1, 37197786, 'Carmen ', 'Morantes', 'F', 'Naranjales', '0426-8559645', '2018-03-17 17:14:00', '2018-03-17 17:14:00'),
(245, 1, 14348512, 'Zuleima ', 'Medina', 'F', 'San Lorenzo', '0412-1000221', '2018-03-19 13:37:00', '2018-03-19 13:37:00'),
(246, 1, 21264968, 'Jose', 'Vasquez', 'M', 'Naranjales', '0416-1914147', '2018-03-19 20:20:00', '2018-03-19 20:20:00'),
(247, 1, 16409230, 'Leonard', 'Chinchilla', 'M', 'La Morita', '0416-5028073', '2018-03-19 20:54:00', '2018-03-19 20:54:00'),
(248, 1, 23841196, 'Marcos', 'Hernandez', 'M', 'Colinas De Bello Monte', '0426-9854049', '2018-03-20 15:10:00', '2018-03-20 15:10:00'),
(249, 1, 28228029, 'Zulay Carolina', 'Ayanes', 'F', 'Vega De Uribante', '0412-2994685', '2018-03-20 15:18:00', '2018-03-20 15:18:00'),
(250, 1, 15502230, 'Yeisy', 'Bueno', 'F', 'La Morita', '0277-2340467', '2018-03-20 18:17:00', '2018-03-20 18:17:00'),
(251, 1, 27751576, 'Cleyderman ', 'Aldube', 'M', 'Naranjales', '0416-9738978', '2018-03-21 15:45:00', '2018-03-21 15:45:00'),
(252, 1, 26404829, 'Marcos', 'Sarmiento', 'M', 'El Piñal, Morichitos', '0414-7454055', '2018-03-21 16:02:00', '2018-03-21 16:02:00'),
(253, 1, 10626590, 'Alexander', 'Tapias', 'M', 'El Piñal', '0412-1067250', '2018-03-21 16:40:00', '2018-03-21 16:40:00'),
(254, 1, 17492353, 'Pablo ', 'Zambrano', 'M', 'Naranjales', '0412-0689667', '2018-03-21 17:07:00', '2018-03-21 17:07:00'),
(255, 1, 29929289, 'Yosmar', 'Alendes', 'M', '27 De Febrero', '0416-8223333', '2018-03-22 21:03:00', '2018-03-22 21:03:00'),
(256, 1, 19135802, 'Jesus', 'Moreno', 'M', 'Chururu', '0416-1381978', '2018-03-23 14:48:00', '2018-03-23 14:48:00'),
(257, 1, 9346644, 'Leonardo ', 'Peña', 'M', 'La Seiba', '0416-7316770', '2018-03-23 16:00:00', '2018-03-23 16:00:00'),
(258, 1, 27270926, 'Yeiber', 'Garcia', 'M', 'El Canal, Via Prto Vivas', '0424-7694553', '2018-03-23 19:20:00', '2018-03-23 19:20:00'),
(259, 1, 21110330, 'Deisa', 'Martinez', 'M', 'Recta De Ayary', '0414-1795053', '2018-03-24 15:04:00', '2018-03-24 15:04:00'),
(260, 1, 16420348, 'Carlos', 'Sequeda', 'M', 'Naranjales', '0426-7252983', '2018-03-24 15:31:00', '2018-03-24 15:31:00'),
(261, 1, 27422201, 'Rosa', 'Gamboa', 'F', 'El Pabellon', '0416-9686624', '2018-03-26 17:25:00', '2018-03-26 17:25:00'),
(262, 1, 26716364, 'Darianny', 'Contreras', 'F', 'El Pabellon', '0416-9686624', '2018-03-26 17:43:00', '2018-03-26 17:43:00'),
(263, 1, 18641437, 'Darsy', 'Lizarazo', 'F', 'El Piñal', '0424-7231930', '2018-03-26 17:47:00', '2018-03-26 17:47:00'),
(264, 1, 26686095, 'Luis', 'Suarez', 'M', 'La Recta De Ayari', '0414-5327940', '2018-03-26 17:49:00', '2018-03-26 17:49:00'),
(265, 1, 23511579, 'Orangel', 'Sifuentes', 'M', 'El Socorro', '0416-1327790', '2018-03-26 17:50:00', '2018-03-26 17:50:00'),
(266, 1, 9214698, 'Eriberto', 'Mendoza', 'M', 'El Nula', '0426-9071573', '2018-03-26 17:52:00', '2018-03-26 17:52:00'),
(267, 1, 30524162, 'Nelson', 'Sanguino', 'M', 'Recta De Ayari', '0414-0077346', '2018-03-26 18:22:00', '2018-03-26 18:22:00'),
(268, 1, 17932234, 'Samuel ', 'Marquez', 'M', 'Pabellon', '0424-7639688', '2018-03-27 16:13:00', '2018-03-27 16:13:00'),
(269, 1, 9225653, 'Jesus', 'Roa', 'M', 'Carrera 3 Naranjales', '0416-4764815', '2018-03-27 17:02:00', '2018-03-27 17:02:00'),
(270, 1, 19731320, 'Luis', 'Camargo', 'M', 'Naranjales', '0412-1259137', '2018-03-27 17:07:00', '2018-03-27 17:07:00'),
(271, 1, 23915909, 'Itza', 'Navarro', 'F', 'El Milagro', '0424-7454385', '2018-03-27 17:16:00', '2018-03-27 17:16:00'),
(272, 1, 17206641, 'Pablo', 'Mora', 'M', 'Naranjales', '0424-7521046', '2018-03-27 17:32:00', '2018-03-27 17:32:00'),
(273, 1, 10170876, 'Iraima', 'Cordoba', 'M', 'Calle 3, Crra 8-9', '0414-1774945', '2018-03-27 18:32:00', '2018-03-27 18:32:00'),
(274, 1, 16610447, 'Bekys', 'Contreras', 'F', 'San Joaquin', '0416-6709487', '2018-03-27 20:01:00', '2018-03-27 20:01:00'),
(275, 1, 5666481, 'Skarleth', 'Galaviz', 'F', 'Naranjales', '0426-6766512', '2018-03-27 22:57:00', '2018-03-27 22:57:00'),
(276, 1, 23841240, 'Jose ', 'Perez', 'M', 'Naranjales', '0412-7094708', '2018-03-28 01:36:00', '2018-03-28 01:36:00'),
(277, 1, 27327492, 'Diana', 'Pacheco', 'F', 'El Milagro', '0414-0076918', '2018-03-28 15:51:00', '2018-03-28 15:51:00'),
(278, 1, 23601561, 'Taison', 'Licona', 'M', 'La Morita', '0416-7821783', '2018-03-28 17:23:00', '2018-03-28 17:23:00'),
(279, 1, 13361946, 'Jose', 'Gonzales', 'M', 'Naranjales', '0426-6286073', '2018-03-28 17:37:00', '2018-03-28 17:37:00'),
(280, 1, 24150841, 'Karla', 'Moncada', 'F', 'Chururu', '0412-6438312', '2018-03-28 18:42:00', '2018-03-28 18:42:00'),
(281, 1, 27148212, 'Juan ', 'Cordova', 'M', 'El Milagro', '0414-3973552', '2018-03-28 20:08:00', '2018-03-28 20:08:00'),
(282, 1, 23153145, 'Isidro', 'Hurtado', 'M', 'Caucaguita', '0426-6021783', '2018-03-28 22:55:00', '2018-03-28 22:55:00'),
(283, 1, 17225206, 'Zabina', 'Zamora', 'F', 'El Monero', '0277-5143023', '2018-04-02 15:08:00', '2018-04-02 15:08:00'),
(284, 1, 15547924, 'Nelson', 'Gomez', 'M', 'Naranjales', '0424-8725127', '2018-04-02 18:49:00', '2018-04-02 18:49:00'),
(285, 1, 23841194, 'Dulce', 'Cubberos', 'F', 'Naranjales', '0426-2727897', '2018-04-04 18:35:00', '2018-04-04 18:35:00'),
(286, 1, 20123908, 'Gelgar', 'Caballero', 'M', 'Isla De Bentacur', '0424-7337237', '2018-04-04 21:27:00', '2018-04-04 21:27:00'),
(287, 1, 19975627, 'Aymara', 'Villatte', 'F', 'El Piñal', '0277-2341565', '2018-04-05 01:12:00', '2018-04-05 01:12:00'),
(288, 1, 18367436, 'Kiara', 'Arenas', 'F', 'Naranjales', '0424-1157235', '2018-04-05 15:04:00', '2018-04-05 15:04:00'),
(289, 1, 26014163, 'Elenie ', 'Rujan', 'F', 'Fundacion', '0412-1602596', '2018-04-05 22:37:00', '2018-04-05 22:37:00'),
(290, 1, 17645875, 'Esnar', ' Chacon', 'M', 'El Piñal', '0414-0747463', '2018-04-10 15:48:00', '2018-04-10 15:48:00'),
(291, 1, 20516230, 'Yeison', 'Guillin', 'M', 'La Pedrera', '0424-731625', '2018-04-10 16:46:00', '2018-04-10 16:46:00'),
(292, 1, 26209829, 'Franklin', 'Jaimes', 'M', 'El Jordan', '0412-1259137', '2018-04-10 17:20:00', '2018-04-10 17:20:00'),
(293, 1, 31357642, 'Justin', 'Bello', 'M', 'Carrera 9 Del Piñal', '0', '2018-04-10 21:09:00', '2018-04-10 21:09:00'),
(294, 1, 25338058, 'Jose Omar', 'Gamboa', 'F', 'La Recta De Ayary', '0424-1377660', '2018-04-10 21:42:00', '2018-04-10 21:42:00'),
(295, 1, 18379399, 'Yelitza', 'Rivera', 'F', 'Naranjales', '0414-3711102', '2018-04-10 21:50:00', '2018-04-10 21:50:00'),
(296, 1, 20369854, 'Junior', 'Pineda', 'M', 'Naranjales', '0426-3017480', '2018-04-10 22:17:00', '2018-04-10 22:17:00'),
(297, 1, 15857006, 'Ana Julia', 'Mora', 'F', 'Mata E Cafe', '0424-7702470', '2018-04-11 00:30:00', '2018-04-11 00:30:00'),
(298, 1, 12231042, 'Blanca', 'Pulido', 'F', 'El Piñal', '0426-8754755', '2018-04-11 16:26:00', '2018-04-11 16:26:00'),
(299, 1, 17876208, 'Zulay', 'Jaimes', 'F', 'Naranjales', '0426-7319464', '2018-04-11 16:44:00', '2018-04-11 16:44:00'),
(300, 1, 27327779, 'Luisa Fernanda', 'Nieto', 'F', 'La Isla', '0426-1820156', '2018-04-11 17:48:00', '2018-04-11 17:48:00'),
(301, 1, 84337065, 'Nelson', 'Lopez', 'M', 'Naranjales', '0426-7290062', '2018-04-11 17:59:00', '2018-04-11 17:59:00'),
(302, 1, 16575481, 'Maritza', 'Vargas', 'F', 'Naranjales', '0426-2783509', '2018-04-11 18:38:00', '2018-04-11 18:38:00'),
(303, 1, 26686697, 'Abraham', 'Castañeda', 'M', 'El Piñal', '0424-7753701', '2018-04-11 22:24:00', '2018-04-11 22:24:00'),
(304, 1, 16316300, 'Saroni', 'Peña', 'M', 'Naranjales', '0412-553530', '2018-04-11 22:52:00', '2018-04-11 22:52:00'),
(305, 1, 11509674, 'Flor', 'Ramirez', 'F', 'Naranjales', '00', '2018-04-12 15:13:00', '2018-04-12 15:13:00'),
(306, 1, 6100420, 'Adelfo', 'Perez', 'M', 'San Lorenzo', '0424-3416185', '2018-04-12 15:37:00', '2018-04-12 15:37:00'),
(307, 1, 25675112, 'Jhon Jairo', 'Estupiñal', 'M', 'Naranjales', '00', '2018-04-12 15:56:00', '2018-04-12 15:56:00'),
(308, 1, 22110759, 'Maria', 'Bolivar', 'F', 'Playa De Cedro', '0424-7847804', '2018-04-12 16:31:00', '2018-04-12 16:31:00'),
(309, 1, 11370525, 'Doris', 'Becerra', 'F', 'La Ceiba', '0412-1259137', '2018-04-12 17:04:00', '2018-04-12 17:04:00'),
(310, 1, 26068733, 'Ender', 'Niño', 'M', 'Naranjales', '0426-3295532', '2018-04-12 17:25:00', '2018-04-12 17:25:00'),
(311, 1, 15784998, 'Fanny', 'Duran', 'F', '3 Esquinas', '0424-2329149', '2018-04-12 17:42:00', '2018-04-12 17:42:00'),
(312, 1, 10747990, 'Isolina', 'Vivas', 'F', 'La Blanquita', '0426-6731986', '2018-04-12 19:00:00', '2018-04-12 19:00:00'),
(313, 1, 25248372, 'Wuiliam', 'Lopez', 'M', 'Naranjales', '0412-7930599', '2018-04-12 19:39:00', '2018-04-12 19:39:00'),
(314, 1, 16487041, 'Vivian', 'Herrera', 'F', 'Puerto Vivas', '0412-1259137', '2018-04-12 19:56:00', '2018-04-12 19:56:00'),
(315, 1, 18792062, 'Randy', 'Sanchez', 'M', 'San Lorenzo', '0414-3765523', '2018-04-12 21:20:00', '2018-04-12 21:20:00'),
(316, 1, 16229000, 'Flor', 'Rodriguez', 'F', 'Carrera Dos Del Piñal', '0424-5082862', '2018-04-16 16:11:00', '2018-04-16 16:11:00'),
(317, 1, 12231137, 'Xiomara', 'Delgado', 'F', 'El Piñal', '0424-7663954', '2018-04-16 17:27:00', '2018-04-16 17:27:00'),
(318, 1, 26675427, 'Luis', 'Chacon', 'M', 'La Blanquita', '0414-7485077', '2018-04-16 17:35:00', '2018-04-16 17:35:00'),
(319, 1, 14872609, 'Jose', 'Jerez', 'M', 'Coloradas', '0424-7628728', '2018-04-16 17:40:00', '2018-04-16 17:40:00'),
(320, 1, 20732493, 'Mariuzca', 'Pineda', 'F', 'El Jordan', '0424-7624791', '2018-04-17 15:42:00', '2018-04-17 15:42:00'),
(321, 1, 30297661, 'Maria', 'Carrascal', 'M', 'El Piñal', '00', '2018-04-18 16:26:00', '2018-04-18 16:26:00'),
(322, 1, 20625297, 'Omar', 'Ruiz', 'M', 'Naranjales', '000', '2018-04-18 16:47:00', '2018-04-18 16:47:00'),
(323, 1, 18792163, 'Diana', 'Zamora', 'F', 'El Piñal', '0426-1713220', '2018-04-18 17:03:00', '2018-04-18 17:03:00'),
(324, 1, 19353067, 'Fermin ', 'Herrera', 'M', 'San Lorenzo', '0424-2826209', '2018-04-18 17:41:00', '2018-04-18 17:41:00'),
(325, 1, 16793826, 'Alvaro', 'Flores', 'M', 'La Ceiba', '0414-7273918', '2018-04-18 17:49:00', '2018-04-18 17:49:00'),
(326, 1, 29649153, 'Breyner', 'Ardilla', 'M', 'Naranjales', '0414-0555507', '2018-04-18 17:58:00', '2018-04-18 17:58:00'),
(327, 1, 12233700, 'Carmen', 'Hernandez', 'F', 'La Pedrera', '0424-7321820', '2018-04-18 18:29:00', '2018-04-18 18:29:00'),
(328, 1, 10622494, 'Aleida', 'Rodriguez', 'F', 'El Roisal', '0416-2744009', '2018-04-18 19:44:00', '2018-04-18 19:44:00'),
(329, 1, 25338495, 'Karin', 'Quecho', 'F', 'Naranjales 12 De Octubre', '0424-7777631', '2018-04-18 21:25:00', '2018-04-18 21:25:00'),
(330, 1, 25231326, 'Rosalba', 'Figueroa', 'F', 'Carrera 5 Del Piñal', '0412-3706687', '2018-04-19 15:50:00', '2018-04-19 15:50:00'),
(331, 1, 27920062, 'Angeli', 'Lopez', 'F', 'Naranjales', '0412-1654298', '2018-04-19 16:32:00', '2018-04-19 16:32:00'),
(332, 1, 15858991, 'Reina', 'Ortiz', 'F', 'San Lorenzo', '0414-0777139', '2018-04-19 17:49:00', '2018-04-19 17:49:00'),
(333, 1, 25375635, 'Wilmer', 'Montilva', 'M', 'Naranjales', '000', '2018-04-19 19:03:00', '2018-04-19 19:03:00'),
(334, 1, 12813628, 'Jose', 'Davila', 'M', 'San Lorenzo', '0412-6011138', '2018-04-19 19:09:00', '2018-04-19 19:09:00'),
(335, 1, 18792056, 'Karol', 'Murillo', 'F', 'Naranjales Calle 3', '0426-6604767', '2018-04-19 22:45:00', '2018-04-19 22:45:00'),
(336, 1, 20898811, 'Luz', 'Araque', 'F', '19 De Abril Naranjales', '0416-8850658', '2018-04-19 23:51:00', '2018-04-19 23:51:00'),
(337, 1, 13147504, 'Eduar', 'Luna', 'M', 'San Lorenzo', '0414-0794235', '2018-04-20 15:20:00', '2018-04-20 15:20:00'),
(338, 1, 16228527, 'Gerardo', 'Jaimes', 'M', 'El Exito', '0414-9770338', '2018-04-20 15:34:00', '2018-04-20 15:34:00'),
(339, 1, 10171832, 'Marina', 'Vivas', 'F', 'Carrera 7 El Piñal', '0416-1366671', '2018-04-20 16:29:00', '2018-04-20 16:29:00'),
(340, 1, 5654034, 'Xiomara', 'Valencia', 'F', 'Los Manguitos', '0424-7249219', '2018-04-20 16:32:00', '2018-04-20 16:32:00'),
(341, 1, 18089985, 'Elsida ', 'Peña', 'F', 'Naranjales, Barrio La Paz', '0412-2997080', '2018-04-20 16:39:00', '2018-04-20 16:39:00'),
(342, 1, 8787885, 'Jorge', 'Caballero', 'F', 'Santo Domingo', '0414-7511918', '2018-04-20 17:10:00', '2018-04-20 17:10:00'),
(343, 1, 15925711, 'Hector', 'Sandoval', 'M', 'Carrera 4 Del Piñal', '0424-7467250', '2018-04-20 17:22:00', '2018-04-20 17:22:00'),
(344, 1, 19579963, 'Marbelys', 'Araque', 'F', 'Pregonero', '0276-9545862', '2018-04-20 18:47:00', '2018-04-20 18:47:00'),
(345, 1, 15535816, 'Victor ', 'Contreras', 'M', 'El Nula', '0416-8970299', '2018-04-20 19:41:00', '2018-04-20 19:41:00'),
(346, 1, 15156141, 'Reinaldo', 'Moncada', 'M', 'Naranjales', '0424-7706828', '2018-04-20 21:53:00', '2018-04-20 21:53:00'),
(347, 1, 16981429, 'Jose', 'Leal', 'M', 'Puente Urivante', '0424-7576736', '2018-04-21 01:35:00', '2018-04-21 01:35:00'),
(348, 1, 18192727, 'Angel ', 'Chacon', 'M', 'Caucaguita', '0412-6563298', '2018-04-21 16:32:00', '2018-04-21 16:32:00'),
(349, 1, 23511291, 'Yonathan ', 'Celis', 'M', 'Naranjales', '0416-0756025', '2018-04-21 16:41:00', '2018-04-21 16:41:00'),
(350, 1, 21570251, 'Wilker', 'Lozada', 'M', 'Chururu', '0416-6165320', '2018-04-21 18:12:00', '2018-04-21 18:12:00'),
(351, 1, 10154612, 'Teofilo', 'Urbina', 'M', 'La Colorada', '0424-7402375', '2018-04-22 02:40:00', '2018-04-22 02:40:00'),
(352, 1, 23827599, 'Angela', 'Vivas', 'F', 'El Piñal', '0426-7250114', '2018-04-22 02:45:00', '2018-04-22 02:45:00'),
(353, 1, 17761479, 'Maizara', 'Valayas', 'F', 'Naranjales', '00', '2018-04-22 02:50:00', '2018-04-22 02:50:00'),
(354, 1, 13390945, 'Abel', 'Ortiz', 'F', 'Recta De Ayari', '0414-7231556', '2018-04-22 02:55:00', '2018-04-22 02:55:00'),
(355, 1, 28061882, 'Luz Dari', 'Caballero', 'F', 'Naranjales', '0416-0622863', '2018-04-23 15:49:00', '2018-04-23 15:49:00'),
(356, 1, 15231883, 'Raul', 'Zambrano', 'M', 'El Piñal Calle 2', '0412-9414241', '2018-04-23 15:53:00', '2018-04-23 15:53:00'),
(357, 1, 13147561, 'Yoleima', 'Chacon', 'F', 'El Piñal', '0414-7496287', '2018-04-23 15:59:00', '2018-04-23 15:59:00'),
(358, 1, 9236383, 'Imelda', 'Molina', 'M', 'La 19 De Abril', '0424-7252581', '2018-04-23 17:10:00', '2018-04-23 17:10:00'),
(359, 1, 16539667, 'Luis', 'Deivia', 'M', 'Chururu', '00', '2018-04-23 18:37:00', '2018-04-23 18:37:00'),
(360, 1, 14100530, 'William', 'Soto', 'M', 'Naranjales', '00', '2018-04-23 18:41:00', '2018-04-23 18:41:00'),
(361, 1, 14660662, 'Rosa', 'Sanchez', 'F', 'El Piñal', '0426-5770309', '2018-04-23 18:48:00', '2018-04-23 18:48:00'),
(362, 1, 21086994, 'Henrry ', 'Gutierrez', 'M', 'La Ceiba ', '0414-9763195', '2018-04-23 20:01:00', '2018-04-23 20:01:00'),
(363, 1, 29532787, 'Jhon', 'Gamez', 'M', 'La Morita', '0426-4108388', '2018-04-23 21:44:00', '2018-04-23 21:44:00'),
(364, 1, 9145102, 'Gladis', 'Tarazona', 'F', 'Naranjales', '0416-2782174', '2018-04-23 21:51:00', '2018-04-23 21:51:00'),
(365, 1, 11494567, 'Ana', 'Sanchez', 'F', 'San Lorenzo', '0424-7742136', '2018-04-23 21:58:00', '2018-04-23 21:58:00'),
(366, 1, 14408870, 'Yudhit', 'Parra', 'F', 'El Monero', '0424-7748946', '2018-04-23 23:02:00', '2018-04-23 23:02:00'),
(367, 1, 16410909, 'Henrry', 'Rabelo', 'M', 'Naranjales', '0414-9785325', '2018-04-23 23:24:00', '2018-04-23 23:24:00'),
(368, 1, 24302978, 'Viannys', 'Lopez', 'F', 'El Nula', '0426-6562530', '2018-04-23 23:39:00', '2018-04-23 23:39:00'),
(369, 1, 14644111, 'Meliza', 'Zambrano', 'M', 'El Piñal', '0424-7215697', '2018-04-23 23:49:00', '2018-04-23 23:49:00'),
(370, 1, 19135972, 'Deybis', 'Colmenares', 'M', 'El Variante', '0424-7179379', '2018-04-24 00:04:00', '2018-04-24 00:04:00'),
(371, 1, 17368799, 'Mile', 'Marchena', 'F', 'Naranjales', '00', '2018-04-24 16:07:00', '2018-04-24 16:07:00'),
(372, 1, 18792586, 'Yelitza', 'Moreno', 'F', 'Buenos Aires, Naranjales', '0426-7701574', '2018-04-24 17:43:00', '2018-04-24 17:43:00'),
(373, 1, 19977426, 'Jesus', 'Ramirez', 'M', 'El Cerro', '0424-7702894', '2018-04-24 22:12:00', '2018-04-24 22:12:00'),
(374, 1, 8090428, 'Maria', 'Perez Chacon', 'F', 'Calle 2 Bis. El Piñal', '0416-8716194', '2018-04-25 01:26:00', '2018-04-25 01:26:00'),
(375, 1, 16124289, 'Wilmer', 'Anselmi', 'M', 'San Lorenzo', '0412-0691209', '2018-04-25 15:09:00', '2018-04-25 15:09:00'),
(376, 1, 23548915, 'Roberto', 'Medina', 'M', 'Naranjales', '0426-6260516', '2018-04-25 15:16:00', '2018-04-25 15:16:00'),
(377, 1, 19976952, 'Wendy', 'Ovañes', 'F', 'Naranjales', '0277-4159103', '2018-04-25 15:24:00', '2018-04-25 15:24:00'),
(378, 1, 26404889, 'Marlon', 'Marciales', 'M', 'Cuite', '0414-7554095', '2018-04-25 15:29:00', '2018-04-25 15:29:00'),
(379, 1, 26207367, 'Nelson', 'Leal', 'M', 'Naranjales', '00', '2018-04-25 15:52:00', '2018-04-25 15:52:00'),
(380, 1, 12473736, 'Luis', 'Ochoa', 'M', 'Naranjales', '0416-1721148', '2018-04-25 15:57:00', '2018-04-25 15:57:00'),
(381, 1, 8993840, 'Jesus', 'Mendoza', 'M', 'El Piñal', '0426-6834085', '2018-04-25 17:19:00', '2018-04-25 17:19:00'),
(382, 1, 10937408, 'Yolexy', 'Galvis', 'F', 'La Milagrosa', '0426-7557369', '2018-04-25 17:24:00', '2018-04-25 17:24:00'),
(383, 1, 14708049, 'Ender', 'Suarez', 'M', 'El Cerro', '0426-2719539', '2018-04-25 18:04:00', '2018-04-25 18:04:00'),
(384, 1, 19135424, 'Eduard', 'Molina', 'M', 'El Piñal', '0277-2340547', '2018-04-25 19:36:00', '2018-04-25 19:36:00'),
(385, 1, 12231439, 'Gerson', 'Mendoza', 'M', 'El Nula', '0412-6814399', '2018-04-25 20:08:00', '2018-04-25 20:08:00'),
(386, 1, 14180193, 'Gerzon', 'Mayorga', 'M', 'Naranjales', '0426-9783135', '2018-04-26 15:52:00', '2018-04-26 15:52:00'),
(387, 1, 13399693, 'Jose', 'Moreno', 'M', 'Naranjales 27 De Febrero', '0426-8898853', '2018-04-26 16:11:00', '2018-04-26 16:11:00'),
(388, 1, 24150344, 'Antonio', 'Montanez', 'M', 'San Lorenzo', '0414-3806307', '2018-04-26 22:38:00', '2018-04-26 22:38:00'),
(389, 1, 11823081, 'Luis', 'Gonzales', 'M', 'Pabellon', '0416-4768784', '2018-04-27 15:36:00', '2018-04-27 15:36:00'),
(390, 1, 23791032, 'Keider', 'Arauco', 'M', 'San Lorenzo', '0416-3125001', '2018-04-27 15:59:00', '2018-04-27 15:59:00'),
(391, 1, 10169079, 'Gloria', 'Zambrano', 'F', 'Via Principal El Pabellon', '0414-7319922', '2018-04-27 16:14:00', '2018-04-27 16:14:00'),
(392, 1, 21419987, 'Luis', 'Briceño', 'M', 'San Pablo', '0426-4605259', '2018-04-27 16:39:00', '2018-04-27 16:39:00'),
(393, 1, 11841767, 'Ignacio', 'Velazco', 'M', 'Punta De Piedra', '0416-1373995', '2018-04-27 16:43:00', '2018-04-27 16:43:00'),
(394, 1, 26069010, 'Eddixson ', 'Duran', 'M', 'Naranjales', '0416-8727345', '2018-04-27 17:01:00', '2018-04-27 17:01:00'),
(395, 1, 20999961, 'Jhon', 'Rueda', 'M', 'La Reforma, Cuite', '0426-8797288', '2018-04-27 17:18:00', '2018-04-27 17:18:00'),
(396, 1, 17208538, 'Zuzana', 'Buitrago', 'M', 'El Pabellon', '0414-0179712', '2018-04-27 18:36:00', '2018-04-27 18:36:00'),
(397, 1, 21103304, 'Deisa', 'Martinez', 'M', 'Recta Ayary', '0424-7565951', '2018-04-27 22:45:00', '2018-04-27 22:45:00'),
(398, 1, 16420350, 'Wiliam', 'Lizcano', 'M', 'El Piñal', '0277-2340080', '2018-04-27 22:55:00', '2018-04-27 22:55:00'),
(399, 1, 19801001, 'Luz Eliana', 'Devia', 'M', 'Los Manguitos', '0424-7282700', '2018-04-27 23:00:00', '2018-04-27 23:00:00'),
(400, 1, 15437281, 'Henyer', 'Lizcano', 'M', 'El Piñal', '0277-2340080', '2018-04-27 23:04:00', '2018-04-27 23:04:00'),
(401, 1, 24779837, 'David', 'Arias', 'M', 'Morichitos', '0426-3268258', '2018-04-27 23:25:00', '2018-04-27 23:25:00'),
(402, 1, 13793148, 'Raquel', 'Colmenares', 'F', 'San Lorenzo Ii Etapa', '0412-1743089', '2018-04-30 16:03:00', '2018-04-30 16:03:00'),
(403, 1, 16270008, 'Angel', 'Perez', 'M', 'El Piñal', '0424-1739168', '2018-04-30 16:09:00', '2018-04-30 16:09:00'),
(404, 1, 18792524, 'Carlos', 'Leal', 'M', 'El Jordan', '0426-8033694', '2018-04-30 16:13:00', '2018-04-30 16:13:00'),
(405, 1, 12516850, 'Vilma', 'Colmenares', 'F', 'San Joaquin', '0426-4571450', '2018-04-30 16:50:00', '2018-04-30 16:50:00'),
(406, 1, 11301542, 'Jose', 'Lopez', 'M', 'Naranjales', '0426-2730778', '2018-04-30 16:55:00', '2018-04-30 16:55:00'),
(407, 1, 17997227, 'Gilmer', 'Campos', 'M', 'El Piñal', '0416-5746765', '2018-04-30 16:58:00', '2018-04-30 16:58:00'),
(408, 1, 14606715, 'Yarsy', 'Molina', 'F', 'El Piñal', '0416-1748848', '2018-04-30 17:03:00', '2018-04-30 17:03:00'),
(409, 1, 16422953, 'Wilfredo', 'Rojas', 'M', 'Pabellon Via Principal', '0277-4146866', '2018-04-30 17:11:00', '2018-04-30 17:11:00'),
(410, 1, 17369235, 'Maritza', 'Vargas', 'F', 'Naranjales', '0426-2783481', '2018-04-30 17:55:00', '2018-04-30 17:55:00'),
(411, 1, 23827398, 'Yerli', 'Cardenas', 'F', 'Teteo I Naranjales', '0414-7090993', '2018-04-30 18:01:00', '2018-04-30 18:01:00'),
(412, 1, 15567081, 'Marisela', 'Prada', 'F', 'Recta De Ayari', '0414-7088636', '2018-04-30 22:23:00', '2018-04-30 22:23:00'),
(413, 1, 14708131, 'Jojrge', 'Bueno', 'M', 'Puente De Ayari', '0414-7402277', '2018-04-30 22:27:00', '2018-04-30 22:27:00'),
(414, 1, 20122719, 'Elen', 'Idarraga', 'F', 'Naranjales', '0412-6576692', '2018-04-30 23:29:00', '2018-04-30 23:29:00'),
(415, 1, 9248411, 'Jose', 'Sayago', 'M', 'Carrera 14, Urb Jose Feliz', '0426-8377171', '2018-05-01 15:12:00', '2018-05-01 15:12:00'),
(416, 1, 26586809, 'Luiis', 'Rangel', 'M', 'San Lorenzo', '0412-6562312', '2018-05-01 16:14:00', '2018-05-01 16:14:00'),
(417, 1, 19664790, 'Lisbeth', 'Perez', 'F', 'Naranjales Carrera 4', '0424-7446147', '2018-05-01 17:17:00', '2018-05-01 17:17:00'),
(418, 1, 13302138, 'Elizabeth', 'Ibañes', 'M', 'El Milagro', '0424-7604625', '2018-05-01 17:21:00', '2018-05-01 17:21:00'),
(419, 1, 19049749, 'Greydi', 'Rojas', 'F', 'Naranjales', '0412-6562480', '2018-05-01 17:34:00', '2018-05-01 17:34:00'),
(420, 1, 13709453, 'Maribel', 'Mantilla', 'F', 'San Joaquin', '0416-7991246', '2018-05-01 18:37:00', '2018-05-01 18:37:00'),
(421, 1, 17503506, 'Juan Carlos', 'Molina', 'M', 'Naranjales', '0426-7293225', '2018-05-01 20:38:00', '2018-05-01 20:38:00');
INSERT INTO `clientes` (`id`, `nac_id`, `ced_cli`, `nom_cli`, `ape_cli`, `gen_cli`, `dir_cli`, `telf_cli`, `created_at`, `update_at`) VALUES
(422, 1, 20590843, 'Dariana', 'Sanchez', 'F', 'Naranjales', '0416-5762412', '2018-05-02 15:34:00', '2018-05-02 15:34:00'),
(423, 1, 22122594, 'Isidoro ', 'Rojas', 'M', 'San Joaquin De Navay', '0416-7007576', '2018-05-02 20:45:00', '2018-05-02 20:45:00'),
(424, 1, 15821950, 'Nohemi', 'Sanchez', 'F', 'Naranjales', '0416-5733571', '2018-05-03 23:30:00', '2018-05-03 23:30:00');

-- --------------------------------------------------------

--
-- Estructura de tabla para la tabla `compra`
--

CREATE TABLE `compra` (
  `id` int(11) NOT NULL,
  `rif_id` int(11) NOT NULL,
  `usu_id` int(11) NOT NULL,
  `pago_id` int(11) NOT NULL,
  `referencia` varchar(50) DEFAULT NULL,
  `iva` double(9,2) NOT NULL,
  `big` double(9,2) NOT NULL,
  `total` double(9,2) NOT NULL,
  `created_at` datetime NOT NULL
) ENGINE=InnoDB DEFAULT CHARSET=latin1;

--
-- Volcado de datos para la tabla `compra`
--

INSERT INTO `compra` (`id`, `rif_id`, `usu_id`, `pago_id`, `referencia`, `iva`, `big`, `total`, `created_at`) VALUES
(1, 1, 1, 1, '', 5357.14, 44642.86, 50000.00, '2018-01-31 22:26:00'),
(2, 1, 1, 1, '', 7500.00, 62500.00, 70000.00, '2018-01-31 22:46:00'),
(3, 1, 1, 1, '', 87857.14, 732142.86, 820000.00, '2018-02-01 22:29:00');

-- --------------------------------------------------------

--
-- Estructura de tabla para la tabla `compra_detalle`
--

CREATE TABLE `compra_detalle` (
  `id` int(11) NOT NULL,
  `compra_id` int(11) NOT NULL,
  `cod_pro_id` varchar(20) NOT NULL,
  `cant` int(11) NOT NULL,
  `sub_total` double(9,2) NOT NULL
) ENGINE=InnoDB DEFAULT CHARSET=latin1;

--
-- Volcado de datos para la tabla `compra_detalle`
--

INSERT INTO `compra_detalle` (`id`, `compra_id`, `cod_pro_id`, `cant`, `sub_total`) VALUES
(3, 3, 'catau', 2, 820000.00);

-- --------------------------------------------------------

--
-- Estructura de tabla para la tabla `dolar`
--

CREATE TABLE `dolar` (
  `dolar` float NOT NULL
) ENGINE=InnoDB DEFAULT CHARSET=latin1;

-- --------------------------------------------------------

--
-- Estructura de tabla para la tabla `empresa`
--

CREATE TABLE `empresa` (
  `id` int(11) NOT NULL,
  `rif_emp` varchar(20) NOT NULL,
  `nom_emp` varchar(100) NOT NULL,
  `dir_emp` varchar(100) NOT NULL,
  `email_emp` varchar(100) DEFAULT NULL,
  `tlf_emp` varchar(13) DEFAULT NULL,
  `propietario` varchar(100) NOT NULL,
  `ced_pro` varchar(20) NOT NULL,
  `iva` int(11) NOT NULL,
  `url_logo` varchar(100) DEFAULT NULL
) ENGINE=InnoDB DEFAULT CHARSET=latin1;

--
-- Volcado de datos para la tabla `empresa`
--

INSERT INTO `empresa` (`id`, `rif_emp`, `nom_emp`, `dir_emp`, `email_emp`, `tlf_emp`, `propietario`, `ced_pro`, `iva`, `url_logo`) VALUES
(1, '16612305-0', 'TECNOMOVIL', 'Calle 3 Con Carrera 6 Y 7 El Piñal Estado Tachira', 'tecnomoviljl@gmail.com', '0277-237302', 'Vanessa Garcia De Leon', 'V-16612305', 12, '1.jpeg');

-- --------------------------------------------------------

--
-- Estructura de tabla para la tabla `entrega`
--

CREATE TABLE `entrega` (
  `id` int(11) NOT NULL,
  `entrega` varchar(15) NOT NULL
) ENGINE=InnoDB DEFAULT CHARSET=latin1;

--
-- Volcado de datos para la tabla `entrega`
--

INSERT INTO `entrega` (`id`, `entrega`) VALUES
(1, 'Por Entregar'),
(2, 'Entregado'),
(3, 'Caducada');

-- --------------------------------------------------------

--
-- Estructura de tabla para la tabla `equipo`
--

CREATE TABLE `equipo` (
  `id` int(11) NOT NULL,
  `equipo` varchar(70) NOT NULL
) ENGINE=InnoDB DEFAULT CHARSET=latin1;

--
-- Volcado de datos para la tabla `equipo`
--

INSERT INTO `equipo` (`id`, `equipo`) VALUES
(1, 'Telefono'),
(2, 'Table');

-- --------------------------------------------------------

--
-- Estructura de tabla para la tabla `marca`
--

CREATE TABLE `marca` (
  `id` int(11) NOT NULL,
  `marca` varchar(50) NOT NULL
) ENGINE=InnoDB DEFAULT CHARSET=latin1;

--
-- Volcado de datos para la tabla `marca`
--

INSERT INTO `marca` (`id`, `marca`) VALUES
(1, 'SAMSUNG'),
(2, 'LG'),
(3, 'SONY'),
(4, 'NOKIA'),
(5, 'BLU'),
(6, 'ALCATEL'),
(7, 'HUAWEI'),
(8, 'SIRAGON'),
(9, 'BLACKBERRY'),
(10, 'ZTE'),
(11, 'PANASONIC'),
(12, 'MOTOROLA'),
(13, 'HTC'),
(14, 'APPLE'),
(15, 'TOSHIBA'),
(16, 'PHILIPS'),
(17, 'MICROSOFT'),
(18, 'PHONE'),
(19, 'FLY'),
(20, 'HTM'),
(21, 'KRONO'),
(22, 'HAIER'),
(23, 'LITHIUM'),
(24, 'TABLET'),
(25, 'IPHONE'),
(26, 'CANGURO'),
(27, 'CABLES'),
(28, 'UNIVERSAL'),
(29, 'Â¡BEATS'),
(30, 'MAXEL'),
(31, 'TECNOMOVIL'),
(32, 'PRINTON'),
(33, 'GOTPAD'),
(34, 'VTELCA'),
(35, 'ORINOQUIA'),
(36, 'IRPO'),
(37, 'AVVIO'),
(38, 'LOGIC'),
(39, 'SENDTEL'),
(40, 'D3'),
(41, 'LANIX'),
(42, 'ARGOM'),
(43, 'CLARO'),
(44, 'VERGATARIO'),
(45, 'SUPERINWORLD'),
(46, 'EVOLUCION'),
(47, 'YEZZ'),
(48, 'GFIVE'),
(49, 'GIGO'),
(50, 'AT&T'),
(51, 'JLC'),
(52, 'HYUNDAI'),
(53, 'BUCARE'),
(54, 'ARIES'),
(55, 'ACE'),
(56, 'LIKUID'),
(57, 'PLUM'),
(58, 'VARIOS'),
(59, 'BALITA'),
(60, 'KINGSTON'),
(61, 'DODGEE'),
(62, 'MOVIC'),
(63, 'MOBILE'),
(64, 'SMOOTH'),
(65, 'LENOVO'),
(66, 'AZUMI'),
(67, 'GENERICO'),
(68, 'JOINET'),
(69, 'BLADE L2'),
(70, 'MOTO G'),
(71, 'DXG'),
(72, 'CHARGER'),
(73, 'IPRO'),
(74, 'TAURUS'),
(75, 'REMAX'),
(76, 'ADIDAS'),
(77, 'BELKIN'),
(78, 'ZOOM'),
(79, 'GREENTEL'),
(80, 'CANAIMA'),
(81, 'ZIPPER'),
(82, 'D536U'),
(83, 'GELSI'),
(84, 'HUSKEE'),
(85, 'YAXUN'),
(86, 'NQBUX'),
(87, 'GRIFFIN'),
(88, 'SKY'),
(89, 'HSISCA'),
(90, 'PANTECH'),
(91, 'AMGOO'),
(92, 'GTOUCH'),
(93, 'IFACE'),
(94, 'GEL'),
(95, 'AGENDA'),
(96, 'ANTIGOLPE'),
(97, 'ESCARCHADO');

-- --------------------------------------------------------

--
-- Estructura de tabla para la tabla `nacionalidad`
--

CREATE TABLE `nacionalidad` (
  `id` int(11) NOT NULL,
  `nacionalidad` varchar(20) NOT NULL
) ENGINE=InnoDB DEFAULT CHARSET=latin1;

--
-- Volcado de datos para la tabla `nacionalidad`
--

INSERT INTO `nacionalidad` (`id`, `nacionalidad`) VALUES
(1, 'V-'),
(2, 'E-');

-- --------------------------------------------------------

--
-- Estructura de tabla para la tabla `producto`
--

CREATE TABLE `producto` (
  `id` int(11) NOT NULL,
  `cod_pro` varchar(20) DEFAULT NULL,
  `des_pro` varchar(100) NOT NULL,
  `marca_id` int(2) NOT NULL,
  `stock` int(4) NOT NULL,
  `pre_com` double(9,2) NOT NULL,
  `porc_pro` int(3) NOT NULL,
  `pre_ven` double(9,2) NOT NULL,
  `status` int(2) NOT NULL,
  `url_imagen` varchar(50) DEFAULT NULL,
  `created_at` datetime DEFAULT NULL,
  `update_at` datetime DEFAULT NULL
) ENGINE=InnoDB DEFAULT CHARSET=latin1;

--
-- Volcado de datos para la tabla `producto`
--

INSERT INTO `producto` (`id`, `cod_pro`, `des_pro`, `marca_id`, `stock`, `pre_com`, `porc_pro`, `pre_ven`, `status`, `url_imagen`, `created_at`, `update_at`) VALUES
(2, 'LCAL5020', 'Lcd Alcatel Ot5020', 6, 0, 5500.00, 140, 15400.00, 1, '', '2018-02-01 15:49:00', '2018-09-17 12:54:00'),
(3, 'LCHA716', 'Lcd Haier W716', 22, 2, 8000.00, 140, 22400.00, 1, '', '2018-02-01 15:56:00', '2018-09-17 12:54:00'),
(4, 'LCHHU990', 'Lcd Huawei Cm990', 7, 1, 5700.00, 140, 15960.00, 1, '', '2018-02-01 15:58:00', '2018-09-17 12:54:00'),
(5, 'LCHU610', 'Lcd Huawei G610', 7, 1, 8000.00, 140, 22400.00, 1, '', '2018-02-01 16:00:00', '2018-09-17 12:54:00'),
(6, 'LCHU980', 'Lcd Huawei Cm980', 7, 1, 3000.00, 140, 8400.00, 1, '', '2018-02-01 16:05:00', '2018-09-17 12:54:00'),
(7, 'LCHU200', 'Lcd Huawei Y200', 7, 1, 3300.00, 140, 9240.00, 1, '', '2018-02-01 16:07:00', '2018-09-17 12:54:00'),
(8, 'LCHU360', 'Lcd Huawei Y360', 7, 1, 7300.00, 140, 20440.00, 1, '', '2018-02-01 16:10:00', '2018-09-17 12:54:00'),
(9, 'LCHU550', 'Lcd Huawei Y550', 7, 1, 9000.00, 140, 25200.00, 1, '', '2018-02-01 16:14:00', '2018-09-17 12:54:00'),
(10, 'LCHU600', 'Lcd Huawei Y600', 7, 1, 7000.00, 140, 19600.00, 1, '', '2018-02-01 16:15:00', '2018-09-17 12:54:00'),
(11, 'LCZT765', 'Lcd Zte V765', 10, 2, 6200.00, 140, 17360.00, 1, '', '2018-02-01 16:21:00', '2018-09-17 12:54:00'),
(12, 'LCZT815', 'Lcd Zte Kissii Max', 10, 1, 7000.00, 140, 19600.00, 1, '', '2018-02-01 16:23:00', '2018-09-17 12:54:00'),
(13, 'LCZT133', 'Lcd Zte S133', 10, 1, 2300.00, 140, 6440.00, 1, '', '2018-02-01 16:24:00', '2018-09-17 12:54:00'),
(14, 'LCZT790', 'Lcd Zte V790', 10, 1, 4000.00, 140, 11200.00, 1, '', '2018-02-01 16:25:00', '2018-09-17 12:54:00'),
(15, 'TAAL6012', 'Táctil Alcatel Ot6012', 6, 1, 1100.00, 170, 3542.00, 1, '', '2018-02-01 17:39:00', '2018-09-17 12:54:00'),
(16, 'TABL142K', 'Tactil Blu Dash Jr D142k', 5, 1, 1920.00, 140, 5376.00, 1, '', '2018-02-01 17:43:00', '2018-09-17 12:54:00'),
(17, 'TABL272A', 'Tactil Blu Dash Music D272a', 5, 1, 1200.00, 160, 3696.00, 1, '', '2018-02-01 17:47:00', '2018-09-17 12:54:00'),
(18, 'TABL534U', 'Tactil Blu Studio C Hd D534u', 5, 1, 1250.00, 160, 3850.00, 1, '', '2018-02-01 17:49:00', '2018-09-17 12:54:00'),
(19, 'CASA1M', 'Cable Usb Samsung 1 Metro', 1, 1, 420.00, 160, 1411.20, 1, '', '2018-02-01 20:28:00', '2018-09-17 12:54:00'),
(21, 'CABESA', 'Cable Usb Belkin Samsung', 77, 1, 840.00, 160, 2822.40, 1, '', '2018-02-01 20:32:00', '2018-09-17 12:54:00'),
(22, 'CABE4G', 'Cable Usb Belkin 4g', 77, 0, 840.00, 160, 2822.40, 1, '', '2018-02-01 20:37:00', '2018-09-17 12:54:00'),
(23, 'CABE6G', 'Cable Usb Belkin 6g', 77, 5, 840.00, 160, 2822.40, 1, '', '2018-02-01 20:38:00', '2018-09-17 12:54:00'),
(24, 'CAGR4G', 'Cable Usb Griffin 4g 2 Metros', 87, 4, 1800.00, 160, 6048.00, 1, '', '2018-02-01 20:39:00', '2018-09-17 12:54:00'),
(25, 'CAGR6G', 'Cable Usb Griffin 6g 2 Metros ', 87, 2, 1180.00, 160, 3964.80, 1, '', '2018-02-01 20:40:00', '2018-09-17 12:54:00'),
(26, 'CARC2', 'Cable Rca 2 Puertos', 31, 1, 250.00, 160, 840.00, 1, '', '2018-02-01 20:49:00', '2018-09-17 12:54:00'),
(28, 'CATASA', 'Cable Usb Tablet Samsung', 1, 1, 630.00, 160, 2116.80, 1, '', '2018-02-01 21:38:00', '2018-09-17 12:54:00'),
(29, 'CA3.5H', 'Cable 3.5 A Hembra', 31, 2, 540.00, 160, 1814.40, 1, '', '2018-02-01 21:44:00', '2018-09-17 12:54:00'),
(30, 'CAOT', 'Cable Otg', 31, 3, 270.00, 160, 907.20, 1, '', '2018-02-01 21:45:00', '2018-09-17 12:54:00'),
(31, 'CABPP', 'Cable Belkin Punta Plus', 77, 3, 910.00, 160, 3057.60, 1, '', '2018-02-01 21:52:00', '2018-09-17 12:54:00'),
(32, 'CASAMG', 'Cable Usb Magnético Samsung', 1, 1, 3170.00, 160, 10651.20, 1, '', '2018-02-01 21:53:00', '2018-09-17 12:54:00'),
(33, 'CACA6G', 'Cargador 2 En 1 Belkin Carro 6g', 77, 2, 1900.00, 160, 6384.00, 1, '', '2018-02-01 21:54:00', '2018-09-17 12:54:00'),
(34, 'CACASA', 'Cargador 2 En 1 Belkin Carro Samsung', 77, 0, 1900.00, 160, 6384.00, 1, '', '2018-02-01 22:05:00', '2018-09-17 12:54:00'),
(35, 'CABP6G', 'Cargador 2 En 1 Belkin Pared 6g', 77, 1, 2890.00, 160, 9710.40, 1, '', '2018-02-01 22:06:00', '2018-09-17 12:54:00'),
(36, 'CAGEV8', 'Cargador Generico V8', 28, 1, 840.00, 160, 2822.40, 1, '', '2018-02-01 22:07:00', '2018-09-17 12:54:00'),
(37, 'CAGEV3', 'Cargador Generico V3', 28, 1, 840.00, 160, 2822.40, 1, '', '2018-02-01 22:08:00', '2018-09-17 12:54:00'),
(38, 'CATAU', 'Cargador Table Universal ', 28, 2, 1440.00, 160, 4838.40, 1, '', '2018-02-01 22:28:00', '2018-09-17 12:54:00'),
(39, 'CAHU+', 'Cargador Huawei + Cable Usb', 7, 6, 1090.00, 180, 4394.88, 1, '', '2018-02-01 22:29:00', '2018-09-17 12:54:00'),
(40, 'CAUN3D', 'Cargador Universal De Pantalla', 72, 0, 840.00, 160, 2822.40, 1, '', '2018-02-01 22:31:00', '2018-09-17 12:54:00'),
(42, 'CAZT', 'Cargador 2 En 1 Zte', 10, 6, 1480.00, 160, 4972.80, 1, '', '2018-02-01 22:39:00', '2018-09-17 12:54:00'),
(43, 'CABL', 'Cargador 2 En 1 Blu', 5, 5, 1480.00, 160, 4972.80, 1, '', '2018-02-01 22:43:00', '2018-09-17 12:54:00'),
(44, 'CAHUPL', 'Cargador Huawei 2.1 Plus-steer', 7, 1, 1460.00, 160, 4905.60, 1, '', '2018-02-01 22:47:00', '2018-09-17 12:54:00'),
(48, 'HCICA', 'Herramienta Cinta Aislante De Calor', 31, 2, 610.00, 210, 2305.80, 1, '', '2018-02-01 22:53:00', '2018-09-17 12:54:00'),
(49, 'HCIFZ', 'Herramienta Cinta Doble Faz', 31, 1, 570.00, 210, 2154.60, 1, '', '2018-02-01 22:54:00', '2018-09-17 12:54:00'),
(50, 'MOPO', 'Mono Pod Selfie Normal', 31, 1, 280000.00, 220, 1593715.20, 1, '', '2018-02-01 23:00:00', '2018-09-17 12:54:00'),
(52, 'HGE8', 'Herramienta Gel B-8000', 31, 1, 650.00, 210, 2457.00, 1, '', '2018-02-01 23:04:00', '2018-09-17 12:54:00'),
(53, 'TAIP4N', 'Tapa Trasera Iphone 4g Negra', 25, 2, 1100.00, 140, 3080.00, 1, '', '2018-02-01 23:09:00', '2018-09-17 12:54:00'),
(57, 'TASA9190B', 'Tapa Trasera Samsung S4 Mini (i9190) Blanca', 1, 0, 1000.00, 140, 2800.00, 1, '', '2018-02-01 23:20:00', '2018-09-17 12:54:00'),
(58, 'TASA9190N', 'Tapa Trasera Samsung S4 Mini (i9190)  Negra', 1, 3, 1000.00, 140, 2800.00, 1, '', '2018-02-01 23:22:00', '2018-09-17 12:54:00'),
(59, 'TASA800A', 'Tapa Trasera Samsung S5 Mini (g800)  Azul', 1, 1, 1000.00, 140, 2800.00, 1, '', '2018-02-01 23:32:00', '2018-09-17 12:54:00'),
(60, 'TAHU550N', 'Tapa Trasera Huawei Y550 Negra', 7, 1, 1000.00, 140, 2800.00, 1, '', '2018-02-01 23:33:00', '2018-09-17 12:54:00'),
(61, 'TAHA861A', 'Tapa Trasera Haier W861 Azul', 22, 1, 1000.00, 140, 2800.00, 1, '', '2018-02-01 23:34:00', '2018-09-17 12:54:00'),
(62, 'TAHU990B', 'Tapa Trasera Haier Cm990 Blanca', 22, 1, 1000.00, 140, 2800.00, 1, '', '2018-02-01 23:35:00', '2018-09-17 12:54:00'),
(63, 'TASA9500B', 'Tapa Trasera Samsung S5 (i9500) Blanca', 1, 1, 1000.00, 140, 2800.00, 1, '', '2018-02-01 23:37:00', '2018-09-17 12:54:00'),
(64, 'MISAJ7-6B', 'Mica Samsung J7-2016 Blanca', 1, 1, 1000.00, 140, 2800.00, 1, '', '2018-02-01 23:51:00', '2018-09-17 12:54:00'),
(65, 'MISAJ7B', 'Mica Samsung J7 Blanca', 1, 1, 1000.00, 140, 2800.00, 1, '', '2018-02-01 23:55:00', '2018-09-17 12:54:00'),
(66, 'MISAJ5B', 'Mica Samsung J5 Blanca', 1, 0, 1000.00, 140, 2800.00, 1, '', '2018-02-01 23:56:00', '2018-09-17 12:54:00'),
(68, 'MISANO1N', 'Mica Samsung Note 1 Negra', 1, 1, 1000.00, 140, 2800.00, 1, '', '2018-02-01 23:58:00', '2018-09-17 12:54:00'),
(69, 'MISAJ3B', 'Mica Samsung J3 Blanca', 1, 1, 1000.00, 140, 2800.00, 1, '', '2018-02-01 23:59:00', '2018-09-17 12:54:00'),
(70, 'MISAJ3-7B', 'Mica Samsung J3-2017 Blanca', 1, 1, 1000.00, 140, 2800.00, 1, '', '2018-02-01 23:59:00', '2018-09-17 12:54:00'),
(71, 'MIIP4B', 'Mica Iphone 4g/s Blanca', 25, 1, 1000.00, 140, 2800.00, 1, '', '2018-02-02 00:01:00', '2018-09-17 12:54:00'),
(72, 'MIIP4N', 'Mica Iphone 4g/s Negra', 25, 1, 1000.00, 140, 2800.00, 1, '', '2018-02-02 00:02:00', '2018-09-17 12:54:00'),
(73, 'MISAJ1-6B', 'Mica Samsung J1-2016 Blanca', 1, 1, 1000.00, 140, 2800.00, 1, '', '2018-02-02 00:03:00', '2018-09-17 12:54:00'),
(74, 'MIIP6N', 'Mica Iphone 6g/s Negra', 25, 1, 1000.00, 140, 2800.00, 1, '', '2018-02-02 00:03:00', '2018-09-17 12:54:00'),
(75, 'MIIP6B', 'Mica Iphone 6g/s Blanca', 25, 1, 1000.00, 140, 2800.00, 1, '', '2018-02-02 00:05:00', '2018-09-17 12:54:00'),
(76, 'MISAJ2B', 'Mica Samsung J2 Blanca', 1, 1, 1000.00, 140, 2800.00, 1, '', '2018-02-02 00:06:00', '2018-09-17 12:54:00'),
(77, 'MISAJ2-6N', 'Mica Samsung J2-2016 Negra', 1, 1, 1000.00, 140, 2800.00, 1, '', '2018-02-02 00:08:00', '2018-09-17 12:54:00'),
(78, 'MISA9300B', 'Mica Samsung S3 I9300 Blanca', 1, 2, 1000.00, 140, 2800.00, 1, '', '2018-02-02 00:10:00', '2018-09-17 12:54:00'),
(79, 'MISA9300A', 'Mica Samsung S3 I9300 Azul', 1, 0, 1000.00, 140, 2800.00, 1, '', '2018-02-02 00:11:00', '2018-09-17 12:54:00'),
(80, 'MISAG800B', 'Mica Samsung S5 Mini G800 Blanca', 1, 1, 1000.00, 140, 2800.00, 1, '', '2018-02-02 00:12:00', '2018-09-17 12:54:00'),
(81, 'MISAG800N', 'Mica Samsung S5 Mini G800 Negra', 1, 1, 1000.00, 140, 2800.00, 1, '', '2018-02-02 00:13:00', '2018-09-17 12:54:00'),
(82, 'MISA9190B', 'Mica Samsung S4 Mini I9190 Blanca', 1, 1, 1000.00, 140, 2800.00, 1, '', '2018-02-02 00:15:00', '2018-09-17 12:54:00'),
(83, 'MISA9190N', 'Mica Samsung S4 Mini I9190 Negra', 1, 3, 1000.00, 140, 2800.00, 1, '', '2018-02-02 00:16:00', '2018-09-17 12:54:00'),
(84, 'MISA9500B', 'Mica Samsung S4 I9500 Blanca', 1, 1, 1000.00, 140, 2800.00, 1, '', '2018-02-02 00:18:00', '2018-09-17 12:54:00'),
(85, 'MISA8190B', 'Mica Samsung S3 Mini I8190 Blanca', 1, 1, 1000.00, 140, 2800.00, 1, '', '2018-02-02 00:19:00', '2018-09-17 12:54:00'),
(86, 'MISA8190A', 'Mica Samsung S3 Mini I8190 Azul', 1, 3, 1000.00, 140, 2800.00, 1, '', '2018-02-02 00:20:00', '2018-09-17 12:54:00'),
(87, 'GLSAJ1', 'Glass Samsung J1', 1, 1, 1000.00, 140, 2800.00, 1, '', '2018-02-02 00:22:00', '2018-09-17 12:54:00'),
(88, 'GLSAJ1-A', 'Glass Samsung J1-ace', 1, 3, 1000.00, 140, 2800.00, 1, '', '2018-02-02 00:23:00', '2018-09-17 12:54:00'),
(89, 'GLSAJ1-6', 'Glass Samsung J1-2016', 1, 4, 1000.00, 140, 2800.00, 1, '', '2018-02-02 00:25:00', '2018-09-17 12:54:00'),
(90, 'GLSAJ1-P', 'Glass Samsung J1-prime', 1, 3, 1000.00, 140, 2800.00, 1, '', '2018-02-02 00:26:00', '2018-09-17 12:54:00'),
(91, 'GLSAJ1-M', 'Glass Samsung J1-mini', 1, 3, 1000.00, 140, 2800.00, 1, '', '2018-02-02 00:27:00', '2018-09-17 12:54:00'),
(92, 'GLSAJ2-6', 'Glass Samsung J2-2016', 1, 4, 1000.00, 140, 2800.00, 1, '', '2018-02-02 00:28:00', '2018-09-17 12:54:00'),
(93, 'GLSAJ2', 'Glass Samsung J2', 1, 3, 1000.00, 140, 2800.00, 1, '', '2018-02-02 00:28:00', '2018-09-17 12:54:00'),
(94, 'GLSAJ7-P', 'Glass Samsung J7-prime', 1, 0, 1000.00, 140, 2800.00, 1, '', '2018-02-02 00:29:00', '2018-09-17 12:54:00'),
(95, 'GLSAJ5', 'Glass Samsung J5', 1, 0, 1000.00, 140, 2800.00, 1, '', '2018-02-02 00:30:00', '2018-09-17 12:54:00'),
(96, 'GLSAJ5-P', 'Glass Samsung J5-prime', 1, 0, 1000.00, 140, 2800.00, 1, '', '2018-02-02 00:30:00', '2018-09-17 12:54:00'),
(97, 'GLALP3', 'Glass Alcatel Pop 3', 6, 2, 1500.00, 140, 4200.00, 1, '1525473719_alcatel pop 3.jpg', '2018-02-02 00:31:00', '2018-09-17 12:54:00'),
(98, 'GLALC3', 'Glass Alcatel Pop C3', 6, 2, 1500.00, 140, 4200.00, 1, '1525473799_alcatel pop c3.jpg', '2018-02-02 00:32:00', '2018-09-17 12:54:00'),
(99, 'GLALI3', 'Glass Alcatel Idol 3', 6, 2, 1500.00, 140, 4200.00, 1, '1525473227_glass alcatel idol 3.jpg', '2018-02-02 00:33:00', '2018-09-17 12:54:00'),
(100, 'GLHA861', 'Glass Haier W861', 22, 0, 1500.00, 140, 4200.00, 1, '1525474084_glass haier w861.jpg', '2018-02-02 00:33:00', '2018-09-17 12:54:00'),
(101, 'GLALC5', 'Glass Alcatel Pop C5', 6, 2, 1500.00, 140, 4200.00, 1, '1525473877_alcatel pop c5.jpg', '2018-02-02 00:35:00', '2018-09-17 12:54:00'),
(102, 'GLALC7', 'Glass Alcatel Pop C7', 6, 1, 1500.00, 140, 4200.00, 1, '1525473924_alcatel pop c7.jpg', '2018-02-02 00:40:00', '2018-09-17 12:54:00'),
(104, 'GLHU730', 'Glass Huawei G730', 7, 2, 1500.00, 140, 4200.00, 1, '1525474369_glass huawei g730.jpg', '2018-02-02 00:42:00', '2018-09-17 12:54:00'),
(105, 'GLHU510', 'Glass Huawei G510', 7, 0, 1500.00, 140, 4200.00, 1, '1525474186_glass huawei g510.jpg', '2018-02-02 00:43:00', '2018-09-17 12:54:00'),
(106, 'GLHU530', 'Glass Huawei G530', 7, 3, 1500.00, 140, 4200.00, 1, '1525474261_glass huawei g530.jpg', '2018-02-02 00:44:00', '2018-09-17 12:54:00'),
(107, 'GLHU6', 'Glass Huawei G6', 7, 1, 1500.00, 140, 4200.00, 1, '1525474308_glass huawei g6.jpg', '2018-02-02 00:45:00', '2018-09-17 12:54:00'),
(108, 'GLHUP8', 'Glass Huawei P8', 7, 1, 1500.00, 140, 4200.00, 1, '1525474669_glass huawei p8.jpg', '2018-02-02 00:46:00', '2018-09-17 12:54:00'),
(109, 'GLHU735', 'Glass Huawei G735', 7, 1, 1500.00, 140, 4200.00, 1, '1525474462_glass huawei g735.jpg', '2018-02-02 00:47:00', '2018-09-17 12:54:00'),
(110, 'GLHUP6', 'Glass Huawei P6', 7, 0, 1500.00, 140, 4200.00, 1, '1525474529_glass huawei p6.jpg', '2018-02-02 00:48:00', '2018-09-17 12:54:00'),
(111, 'GLHUP7', 'Glass Huawei P7', 7, 1, 1500.00, 140, 4200.00, 1, '1525474620_glass huawei p7.jpg', '2018-02-02 00:49:00', '2018-09-17 12:54:00'),
(112, 'GLHU221', 'Glass Huawei Y221', 7, 5, 1000.00, 140, 2800.00, 1, '1525475012_glass huawey y221.jpg', '2018-02-02 00:50:00', '2018-09-17 12:54:00'),
(113, 'GLHUP8L', 'Glass Huawei P8 Lite', 7, 1, 1500.00, 140, 4200.00, 1, '1525474730_glass huawei p8 lite.jpg', '2018-02-02 00:50:00', '2018-09-17 12:54:00'),
(114, 'GLHUP9', 'Glass Huawei P9', 7, 3, 1000.00, 140, 2800.00, 1, '1525474825_glass huawei p9.jpg', '2018-02-02 00:51:00', '2018-09-17 12:54:00'),
(115, 'GLHU210', 'Glass Huawei Y210', 7, 2, 1000.00, 140, 2800.00, 1, '1525474925_glass huawei y210.jpg', '2018-02-02 00:52:00', '2018-09-17 12:54:00'),
(116, 'GLIP4G/S', 'Glass Iphone 4g/s', 25, 3, 1000.00, 140, 2800.00, 1, '1525476093_glass iphone 4g.jpg', '2018-02-02 00:53:00', '2018-09-17 12:54:00'),
(117, 'GLHUY3-2', 'Glass Huawei Y3-2', 7, 1, 1000.00, 140, 2800.00, 1, '1525475109_glass huawei y3-2.jpg', '2018-02-02 00:55:00', '2018-09-17 12:54:00'),
(118, 'GLHU300', 'Glass Huawei Y300', 7, 1, 1000.00, 140, 2800.00, 1, '1525475191_glass huawei y300.jpg', '2018-02-02 00:56:00', '2018-09-17 12:54:00'),
(119, 'GLHU320', 'Glass Huawei Y320', 7, 0, 1000.00, 140, 2800.00, 1, '', '2018-02-02 00:57:00', '2018-09-17 12:54:00'),
(120, 'GLHUY530', 'Glass Huawei Y530', 7, 1, 1000.00, 140, 2800.00, 1, '1525475688_glass huawei y530.jpg', '2018-02-02 00:58:00', '2018-09-17 12:54:00'),
(121, 'GLHUY550', 'Glass Huawei Y550', 7, 2, 1000.00, 140, 2800.00, 1, '1525475777_glass huawei y550.jpg', '2018-02-02 00:59:00', '2018-09-17 12:54:00'),
(122, 'GLHUY6', 'Glass Huawei Y6', 7, 1, 1000.00, 140, 2800.00, 1, '1525475866_glass huawei y6.jpg', '2018-02-02 00:59:00', '2018-09-17 12:54:00'),
(123, 'GLHUY6-2', 'Glass Huawei Y6-2', 7, 1, 1000.00, 140, 2800.00, 1, '1525475919_glass huawei y6-2.jpg', '2018-02-02 01:01:00', '2018-09-17 12:54:00'),
(124, 'GLMOG3', 'Glass Moto G3', 70, 2, 1000.00, 140, 2800.00, 1, '', '2018-02-02 01:04:00', '2018-09-17 12:54:00'),
(125, 'GLIP5G/S', 'Glass Iphone 5g/s', 25, 3, 1000.00, 140, 2800.00, 1, '1525476169_glass iphone 5g.jpg', '2018-02-02 14:30:00', '2018-09-17 12:54:00'),
(126, 'GLIP6GP', 'Glass Iphone 6g Plus', 25, 2, 1000.00, 140, 2800.00, 1, '', '2018-02-02 14:32:00', '2018-09-17 12:54:00'),
(127, 'GLIP6G/S', 'Glass Iphone 6g/s', 25, 3, 1000.00, 140, 2800.00, 1, '', '2018-02-02 14:34:00', '2018-09-17 12:54:00'),
(128, 'GLIP7G/SP', 'Glass Iphone 7g/s Plus', 25, 0, 1000.00, 140, 2800.00, 1, '', '2018-02-02 14:35:00', '2018-09-17 12:54:00'),
(129, 'GLIP7G/S', 'Glass Iphone 7g/s', 25, 1, 1000.00, 140, 2800.00, 1, '', '2018-02-02 14:38:00', '2018-09-17 12:54:00'),
(130, 'GLLGG4', 'Glass Lg G4', 2, 2, 1000.00, 140, 2800.00, 1, '', '2018-02-02 14:39:00', '2018-09-17 12:54:00'),
(131, 'GLMOG5', 'Glass Moto G5', 70, 1, 1000.00, 140, 2800.00, 1, '', '2018-02-02 14:40:00', '2018-09-17 12:54:00'),
(132, 'GLHUY330', 'Glass Huawei Y330', 7, 1, 1000.00, 140, 2800.00, 1, '1525475508_glass huawei y330.jpg', '2018-02-02 14:41:00', '2018-09-17 12:54:00'),
(133, 'GLMOG4', 'Glass Moto G4', 70, 3, 1000.00, 140, 2800.00, 1, '', '2018-02-02 14:42:00', '2018-09-17 12:54:00'),
(134, 'GLSAA5', 'Glass Samsung A5', 1, 2, 1000.00, 140, 2800.00, 1, '', '2018-02-02 14:45:00', '2018-09-17 12:54:00'),
(135, 'GLSAA5-6', 'Glass Samsung A5-2016', 1, 0, 1000.00, 140, 2800.00, 1, '', '2018-02-02 14:46:00', '2018-09-17 12:54:00'),
(136, 'GLSACO2', 'Glass Samsung Core 2', 1, 2, 1000.00, 140, 2800.00, 1, '', '2018-02-02 14:47:00', '2018-09-17 12:54:00'),
(137, 'GLSAJ5-6', 'Glass Samsung J5-2016', 1, 4, 1000.00, 140, 2800.00, 1, '', '2018-02-02 14:48:00', '2018-09-17 12:54:00'),
(138, 'GLSAJ3', 'Glass Samsung J3', 1, 0, 1000.00, 140, 2800.00, 1, '', '2018-02-02 14:48:00', '2018-09-17 12:54:00'),
(140, 'GLSAJ7-6', 'Glass Samsung J7-2016', 1, 2, 1000.00, 140, 2800.00, 1, '', '2018-02-02 14:51:00', '2018-09-17 12:54:00'),
(141, 'GLSANO4', 'Glass Samsung Note 4', 1, 2, 1000.00, 140, 2800.00, 1, '', '2018-02-02 14:52:00', '2018-09-17 12:54:00'),
(142, 'GLSAPI3', 'Glass Samsung Pixi 3', 1, 0, 1000.00, 140, 2800.00, 1, '', '2018-02-02 14:53:00', '2018-09-17 12:54:00'),
(143, 'GLSAPI4', 'Glass Samsung Pixi 4', 1, 1, 1000.00, 140, 2800.00, 1, '', '2018-02-02 14:53:00', '2018-09-17 12:54:00'),
(144, 'GLSAS3', 'Glass Samsung S3', 1, 5, 1000.00, 140, 2800.00, 1, '', '2018-02-02 14:55:00', '2018-09-17 12:54:00'),
(145, 'GLSAS3M', 'Glass Samsung S3 Mini', 1, 2, 1000.00, 140, 2800.00, 1, '', '2018-02-02 14:56:00', '2018-09-17 12:54:00'),
(146, 'GLSAS4', 'Glass Samsung S4', 1, 1, 1000.00, 140, 2800.00, 1, '', '2018-02-02 14:56:00', '2018-09-17 12:54:00'),
(147, 'GLSAS4M', 'Glass Samsung S4 Mini', 1, 2, 1000.00, 140, 2800.00, 1, '', '2018-02-02 14:57:00', '2018-09-17 12:54:00'),
(148, 'GLSAS5', 'Glass Samsung S5', 1, 2, 1000.00, 140, 2800.00, 1, '', '2018-02-02 14:57:00', '2018-09-17 12:54:00'),
(149, 'GLSAS5M', 'Glass Samsung S5 Mini', 1, 4, 1000.00, 140, 2800.00, 1, '', '2018-02-02 14:58:00', '2018-09-17 12:54:00'),
(150, 'GLSAS6', 'Glass Samsung S6', 1, 1, 1000.00, 140, 2800.00, 1, '', '2018-02-02 14:59:00', '2018-09-17 12:54:00'),
(152, 'GLSAS6EP', 'Glass Samsung S6 Edge Plus', 1, 1, 1000.00, 140, 2800.00, 1, '', '2018-02-02 15:01:00', '2018-09-17 12:54:00'),
(153, 'GLSAS7', 'Glass Samsung S7', 1, 1, 1000.00, 140, 2800.00, 1, '', '2018-02-02 15:01:00', '2018-09-17 12:54:00'),
(154, 'GLUN4.3', 'Glass Universal 4.3', 28, 0, 1000.00, 140, 2800.00, 1, '', '2018-02-02 15:02:00', '2018-09-17 12:54:00'),
(155, 'GLUN5.3', 'Glass Universal 5.3', 28, 3, 1000.00, 140, 2800.00, 1, '', '2018-02-02 15:03:00', '2018-09-17 12:54:00'),
(156, 'GLUN5.0', 'Glass Universal 5.0', 28, 0, 1000.00, 140, 2800.00, 1, '', '2018-02-02 15:04:00', '2018-09-17 12:54:00'),
(157, 'GLUN4.7', 'Glass Universal 4.7', 28, 16, 1000.00, 140, 2800.00, 1, '', '2018-02-02 15:04:00', '2018-09-17 12:54:00'),
(158, 'GLUN4.0', 'Glass Universal 4.0', 28, 5, 1000.00, 140, 2800.00, 1, '', '2018-02-02 15:07:00', '2018-09-17 12:54:00'),
(159, 'GLUN5.5', 'Glass Universal 5.5', 28, 5, 1000.00, 140, 2800.00, 1, '', '2018-02-02 15:08:00', '2018-09-17 12:54:00'),
(160, 'GLZT765', 'Glass Zte V765', 10, 1, 1000.00, 140, 2800.00, 1, '', '2018-02-02 15:09:00', '2018-09-17 12:54:00'),
(161, 'GLZTZ5M', 'Glass Zte Z5 Mini', 10, 1, 1000.00, 140, 2800.00, 1, '', '2018-02-02 15:10:00', '2018-09-17 12:54:00'),
(162, 'TAHA716', 'Tactil Haier W716', 22, 2, 3800.00, 140, 10640.00, 1, '', '2018-02-02 15:18:00', '2018-09-17 12:54:00'),
(163, 'TAHUY200', 'Tactil Huawei Y200', 7, 1, 3500.00, 140, 9800.00, 1, '', '2018-02-02 15:28:00', '2018-09-17 12:54:00'),
(164, 'TAHU840', 'Tactil Huawei Um-840', 7, 1, 3500.00, 140, 9800.00, 1, '', '2018-02-02 15:29:00', '2018-09-17 12:54:00'),
(165, 'TAHU980', 'Tactil Huawei Cm980', 7, 2, 3900.00, 140, 10920.00, 1, '', '2018-02-02 15:31:00', '2018-09-17 12:54:00'),
(166, 'TAHU990', 'Tactil Huawei Cm990', 7, 1, 2400.00, 140, 6720.00, 1, '', '2018-02-02 15:33:00', '2018-09-17 12:54:00'),
(167, 'TAHUG300', 'Tactil Huawei G300/u-8815', 7, 1, 3000.00, 140, 8400.00, 1, '', '2018-02-02 15:34:00', '2018-09-17 12:54:00'),
(168, 'TAHUG510', 'Tactil Huawei G510', 7, 2, 2500.00, 140, 7000.00, 1, '', '2018-02-02 15:35:00', '2018-09-17 12:54:00'),
(169, 'TAHUG600', 'Tactil Huawei G600', 7, 1, 3300.00, 140, 9240.00, 1, '', '2018-02-02 15:37:00', '2018-09-17 12:54:00'),
(170, 'TAHUG610', 'Tactil Huawei G610', 7, 0, 1000.00, 160, 3080.00, 1, '', '2018-02-02 15:42:00', '2018-09-17 12:54:00'),
(171, 'TAHUG630', 'Tactil Huawei G630', 7, 0, 1400.00, 160, 4312.00, 1, '', '2018-02-02 15:52:00', '2018-09-17 12:54:00'),
(172, 'TAHUG740', 'Tactil Huawei G740', 7, 1, 5300.00, 140, 14840.00, 1, '', '2018-02-02 15:54:00', '2018-09-17 12:54:00'),
(173, 'TAHUY320', 'Tactil Huawei Y320', 7, 2, 2400.00, 140, 6720.00, 1, '', '2018-02-02 15:56:00', '2018-09-17 12:54:00'),
(174, 'TAHUY330', 'Tactil Huawei Y330', 7, 3, 2500.00, 140, 7000.00, 1, '', '2018-02-02 15:57:00', '2018-09-17 12:54:00'),
(175, 'TAHUY511', 'Tactil Huawei Y511', 7, 1, 2500.00, 140, 7000.00, 1, '', '2018-02-02 15:58:00', '2018-09-17 12:54:00'),
(176, 'TAHUY625', 'Tactil Huawei Y625', 7, 1, 2700.00, 140, 7560.00, 1, '', '2018-02-02 16:00:00', '2018-09-17 12:54:00'),
(177, 'CAUN', 'Cargador Universal', 72, 0, 630.00, 160, 2116.80, 1, '', '2018-02-02 16:02:00', '2018-09-17 12:54:00'),
(178, 'TALG65', 'Tactil Lg L65', 2, 1, 2600.00, 140, 7280.00, 1, '', '2018-02-02 16:04:00', '2018-09-17 12:54:00'),
(179, 'TALIL2', 'Tactil Likiud L2', 56, 1, 1600.00, 160, 4928.00, 1, '', '2018-02-02 16:05:00', '2018-09-17 12:54:00'),
(180, 'TASAJ2-P', 'Tactil Samsung J2-prime', 1, 2, 2800.00, 140, 7840.00, 1, '', '2018-02-02 16:08:00', '2018-09-17 12:54:00'),
(181, 'TASAJ1-A', 'Tactil Samsung J1-ace', 1, 1, 3500.00, 140, 9800.00, 1, '', '2018-02-02 16:09:00', '2018-09-17 12:54:00'),
(182, 'TAHSAJ1-M', 'Tactil Samsung J1-mini', 1, 1, 2600.00, 140, 7280.00, 1, '', '2018-02-02 16:15:00', '2018-09-17 12:54:00'),
(183, 'TASA5282', 'Tactil Samsung S5282', 1, 1, 2700.00, 140, 7560.00, 1, '', '2018-02-02 16:16:00', '2018-09-17 12:54:00'),
(184, 'TASA5300', 'Tactil Samsung S5300 (pocker)', 1, 1, 2800.00, 140, 7840.00, 1, '', '2018-02-02 16:17:00', '2018-09-17 12:54:00'),
(185, 'TASA5360', 'Tactil Samsung S5360 (young)', 1, 1, 2700.00, 140, 7560.00, 1, '', '2018-02-02 16:18:00', '2018-09-17 12:54:00'),
(186, 'TASA5830', 'Tactil Samsung S5830m (ace)', 1, 0, 1000.00, 160, 3080.00, 1, '', '2018-02-02 16:19:00', '2018-09-17 12:54:00'),
(187, 'TASA7270', 'Tactil Samsung 7270/7272/7275/ace 3', 1, 3, 2200.00, 140, 6160.00, 1, '', '2018-02-02 16:20:00', '2018-09-17 12:54:00'),
(188, 'TASA7392', 'Tactil Samsung S7392 (trend Lit)', 1, 1, 2200.00, 140, 6160.00, 1, '', '2018-02-02 16:21:00', '2018-09-17 12:54:00'),
(189, 'TASA7580', 'Tactil Samusng S7580', 1, 1, 1000.00, 160, 3080.00, 1, '', '2018-02-02 16:22:00', '2018-09-17 12:54:00'),
(190, 'TASA9080', 'Tactil Samsung I9080/i9082 ', 1, 0, 2800.00, 140, 7840.00, 1, '', '2018-02-02 16:23:00', '2018-09-17 12:54:00'),
(191, 'TASAG313', 'Tactil Samsung G313', 1, 0, 1000.00, 160, 3080.00, 1, '', '2018-02-02 16:46:00', '2018-09-17 12:54:00'),
(192, 'TAHSAG355', 'Tactil Samsung G355 (core 2)', 1, 0, 1000.00, 160, 3080.00, 1, '', '2018-02-02 16:49:00', '2018-09-17 12:54:00'),
(193, 'TASAG531', 'Tactil Samsung G531', 1, 1, 2800.00, 140, 7840.00, 1, '', '2018-02-02 16:51:00', '2018-09-17 12:54:00'),
(194, 'TAZT769', 'Tactil Zte V769m', 10, 1, 3700.00, 140, 10360.00, 1, '', '2018-02-02 16:53:00', '2018-09-17 12:54:00'),
(195, 'TAZT8200', 'Tactil Zte V8200', 10, 2, 4100.00, 140, 11480.00, 1, '', '2018-02-02 16:54:00', '2018-09-17 12:54:00'),
(196, 'TAZTA410', 'Tactil Zte A410 (blade)', 10, 2, 4700.00, 140, 13160.00, 1, '', '2018-02-02 16:55:00', '2018-09-17 12:54:00'),
(197, 'TAZTBL2', 'Tactil Zte Blade L2', 10, 0, 1500.00, 160, 4620.00, 1, '', '2018-02-02 16:57:00', '2018-09-17 12:54:00'),
(198, 'TAZT865', 'Tactil Zte V865m (telepatria)', 10, 0, 1800.00, 160, 5544.00, 1, '', '2018-02-02 16:58:00', '2018-09-17 12:54:00'),
(199, 'TAZTKII', 'Tactil Zte Kiss Ii Max V815', 10, 0, 1100.00, 160, 3388.00, 1, '', '2018-02-02 16:59:00', '2018-09-17 12:54:00'),
(200, 'AUSAS8', 'Audifonos Manos Libres Samsung S8', 1, 0, 0.00, 140, 0.00, 1, '1523023847_AUDIFONOS.jpg', '2018-02-02 17:02:00', '2018-09-17 12:54:00'),
(201, 'CAHUVO', 'Cargador Huawei Vooc 4a', 1, 1, 1780.00, 160, 5980.80, 1, '', '2018-02-02 17:34:00', '2018-09-17 12:54:00'),
(203, 'CASATA', 'Cargador Taco Pared Samsung 2ma', 1, 0, 1300.00, 160, 4368.00, 1, '', '2018-02-02 17:36:00', '2018-09-17 12:54:00'),
(204, 'BANO4C', 'Bateria Nokia Bl-4c', 4, 0, 1160.00, 140, 3248.00, 1, '', '2018-02-03 15:45:00', '2018-09-17 12:54:00'),
(205, 'BABL', 'Bateria Blu 5140t', 5, 1, 2090.00, 140, 5852.00, 1, '', '2018-02-03 15:48:00', '2018-09-17 12:54:00'),
(206, 'BANO4B', 'Bateria Nokia Bl-4b', 4, 2, 1190.00, 140, 3332.00, 1, '', '2018-02-03 15:52:00', '2018-09-17 12:54:00'),
(208, 'GLALP2-5', 'Glass Alcatel Pop 2-5', 6, 2, 1500.00, 140, 4200.00, 1, '1525473646_glas alcatel pod 2-5.jpg', '2018-02-03 15:57:00', '2018-09-17 12:54:00'),
(209, 'GLSANP', 'Glass Samsung Grand Neo Plus', 1, 2, 1000.00, 140, 2800.00, 1, '', '2018-02-03 15:58:00', '2018-09-17 12:54:00'),
(210, 'BALK', 'Bateria L1 Fort Likuid', 56, 1, 1800.00, 140, 5040.00, 1, '', '2018-02-03 16:00:00', '2018-09-17 12:54:00'),
(211, 'BAHU980', 'Bateria Huawei Cm980', 7, 1, 2110.00, 140, 5908.00, 1, '', '2018-02-03 16:02:00', '2018-09-17 12:54:00'),
(214, 'BAHU200', 'Bateria Huawei Y200', 7, 1, 1480.00, 140, 4144.00, 1, '', '2018-02-03 16:04:00', '2018-09-17 12:54:00'),
(215, 'BAHU625', 'Bateria Huawei Y625', 7, 1, 2220.00, 140, 6216.00, 1, '', '2018-02-03 16:05:00', '2018-09-17 12:54:00'),
(216, 'BAHU635', 'Bateria Huawei Y635', 7, 1, 2220.00, 140, 6216.00, 1, '', '2018-02-03 16:06:00', '2018-09-17 12:54:00'),
(217, 'BAHU550', 'Bateria Huawei Y550', 7, 1, 1900.00, 140, 5320.00, 1, '', '2018-02-03 16:07:00', '2018-09-17 12:54:00'),
(219, 'BAZTKI', 'Bateria Zte Kiss I Mas (v795)', 10, 1, 1750.00, 140, 4900.00, 1, '', '2018-02-03 16:15:00', '2018-09-17 12:54:00'),
(220, 'BAPL', 'Bateria Plum Plum', 57, 1, 1800.00, 140, 5040.00, 1, '', '2018-02-03 16:16:00', '2018-09-17 12:54:00'),
(221, 'BAZTL2', 'Bateria Zte Blade L2', 10, 0, 3910.00, 140, 10948.00, 1, '', '2018-02-03 16:17:00', '2018-09-17 12:54:00'),
(222, 'BAZT791', 'Bateria Zte U791 (caribe 3)', 10, 0, 1800.00, 140, 5040.00, 1, '', '2018-02-03 16:20:00', '2018-09-17 12:54:00'),
(223, 'BAHU730', 'Bateria Huawei G730', 7, 1, 2190.00, 140, 6132.00, 1, '', '2018-02-03 16:21:00', '2018-09-17 12:54:00'),
(224, 'BAZT8200', 'Bateria Zte V8200', 10, 2, 3500.00, 140, 9800.00, 1, '', '2018-02-03 16:24:00', '2018-09-17 12:54:00'),
(225, 'BAYE13', 'Bateria Yezz Yb113', 47, 2, 1670.00, 140, 4676.00, 1, '', '2018-02-03 16:25:00', '2018-09-17 12:54:00'),
(226, 'BASAS5M', 'Bateria Samsung S5 Mini', 1, 0, 2190.00, 140, 6132.00, 1, '', '2018-02-03 16:26:00', '2018-09-17 12:54:00'),
(227, 'BASA313', 'Bateria Samsung G313 (ace-4)', 1, 0, 1630.00, 140, 4564.00, 1, '', '2018-02-03 16:29:00', '2018-09-17 12:54:00'),
(228, 'BASA250', 'Bateria Samsung F250', 1, 0, 1070.00, 140, 2996.00, 1, '', '2018-02-03 16:30:00', '2018-09-17 12:54:00'),
(229, 'BASA7500', 'Bateria Samsung S7500', 1, 1, 1510.00, 140, 4228.00, 1, '', '2018-02-03 16:34:00', '2018-09-17 12:54:00'),
(230, 'BASA9070', 'Bateria Samsung I9070 Advance', 1, 1, 1460.00, 140, 4088.00, 1, '', '2018-02-03 16:35:00', '2018-09-17 12:54:00'),
(231, 'BASA5570', 'Bateria Samsung S5570 Galaxy', 1, 1, 1310.00, 140, 3668.00, 1, '', '2018-02-03 16:36:00', '2018-09-17 12:54:00'),
(233, 'BASAJ2', 'Bateria Samsung G360 J2', 1, 1, 1710.00, 140, 4788.00, 1, '', '2018-02-03 16:41:00', '2018-09-17 12:54:00'),
(234, 'BASA7272', 'Bateria Samsung 7272 Ace-3', 1, 0, 1480.00, 140, 4144.00, 1, '', '2018-02-03 16:43:00', '2018-09-17 12:54:00'),
(235, 'BASAJ1', 'Bateria Samsung J1', 1, 1, 1940.00, 140, 5432.00, 1, '', '2018-02-03 16:46:00', '2018-09-17 12:54:00'),
(236, 'BASAS1', 'Bateria Samsung S1', 1, 1, 1500.00, 140, 4200.00, 1, '', '2018-02-03 16:46:00', '2018-09-17 12:54:00'),
(237, 'BASAN3', 'Bateria Samsung Note 3', 1, 1, 2260.00, 140, 6328.00, 1, '', '2018-02-03 16:47:00', '2018-09-17 12:54:00'),
(238, 'BAMG1', 'Bateria Motorola G1', 70, 2, 4190.00, 140, 11732.00, 1, '', '2018-02-03 16:49:00', '2018-09-17 12:54:00'),
(239, 'BAIP4G', 'Bateria Iphone 4g', 25, 1, 3480.00, 140, 9744.00, 1, '', '2018-02-03 16:50:00', '2018-09-17 12:54:00'),
(242, 'FOIFHU360', 'Forro Iface Huawei G360', 7, 6, 600.00, 140, 1680.00, 1, '', '2018-02-03 17:16:00', '2018-09-17 12:54:00'),
(243, 'FOIFHU313', 'Forro Iface Huawei G313', 7, 1, 600.00, 140, 1680.00, 1, '', '2018-02-03 17:18:00', '2018-09-17 12:54:00'),
(244, 'FOGESAS6', 'Forro Gel Samsung S6', 1, 4, 450.00, 140, 1260.00, 1, '', '2018-02-03 17:21:00', '2018-09-17 12:54:00'),
(245, 'FOGEIP5G', 'Forro Gel Iphone  5g/s', 25, 5, 450.00, 140, 1260.00, 1, '', '2018-02-03 17:24:00', '2018-09-17 12:54:00'),
(246, 'FOGESAJ2', 'Forro Gel Samsung J2', 94, 1, 450.00, 140, 1260.00, 1, '', '2018-02-03 17:24:00', '2018-09-17 12:54:00'),
(247, 'FOGESA5M', 'Forro Gel Samsung S5 Mini', 94, 1, 450.00, 140, 1260.00, 1, '', '2018-02-03 17:26:00', '2018-09-17 12:54:00'),
(248, 'FOAGIP4G', 'Forro Agenda Iphone 4g/s', 95, 1, 600.00, 140, 1680.00, 1, '', '2018-02-03 17:27:00', '2018-09-17 12:54:00'),
(249, 'FOGESA3200', 'Forro Gel Samsung C3200', 94, 2, 450.00, 140, 1260.00, 1, '', '2018-02-03 17:28:00', '2018-09-17 12:54:00'),
(250, 'FOGESAS7', 'Forro Gel Samsung S7', 94, 2, 450.00, 140, 1260.00, 1, '', '2018-02-03 17:30:00', '2018-09-17 12:54:00'),
(251, 'FOIFSAA3', 'Forro Iface Samsung A3', 93, 6, 600.00, 140, 1680.00, 1, '', '2018-02-03 17:32:00', '2018-09-17 12:54:00'),
(252, 'FOIFSAA5', 'Forro Iface Samsung A5', 93, 6, 600.00, 140, 1680.00, 1, '', '2018-02-03 17:33:00', '2018-09-17 12:54:00'),
(253, 'FOIFIP6G', 'Forro Iface Iphone 6g/s 5.5', 93, 2, 600.00, 140, 1680.00, 1, '', '2018-02-03 17:34:00', '2018-09-17 12:54:00'),
(254, 'FOIFIP6G4', 'Forro Iface Iphone 6g/s 4.7', 93, 6, 600.00, 140, 1680.00, 1, '', '2018-02-03 17:34:00', '2018-09-17 12:54:00'),
(255, 'BAZTKIII', 'Bateria Zte Kiss Iii Mas', 10, 1, 1700.00, 140, 4760.00, 1, '', '2018-02-03 17:45:00', '2018-09-17 12:54:00'),
(256, 'FOGESAJ1', 'Forro Gel Samsung J1', 94, 2, 450.00, 140, 1260.00, 1, '', '2018-02-03 17:48:00', '2018-09-17 12:54:00'),
(257, 'FOANIP6G', 'Forro Antigolpe Iphone 6g/s', 96, 2, 830.00, 140, 2324.00, 1, '', '2018-02-03 17:53:00', '2018-09-17 12:54:00'),
(258, 'FOANIP5G', 'Forro Antigolpe Iphone 5g', 96, 1, 830.00, 140, 2324.00, 1, '', '2018-02-03 17:54:00', '2018-09-17 12:54:00'),
(259, 'FOIFIP4G', 'Forro Iface Iphone 4g', 93, 2, 600.00, 140, 1680.00, 1, '', '2018-02-03 17:58:00', '2018-09-17 12:54:00'),
(260, 'FOIFIP6G5', 'Forro Iface Iphone 6g/s 5.5', 93, 4, 600.00, 140, 1680.00, 1, '', '2018-02-03 17:59:00', '2018-09-17 12:54:00'),
(261, 'FOGESAS4', 'Forro Gel Samsung S4', 94, 0, 450.00, 140, 1260.00, 1, '', '2018-02-03 18:01:00', '2018-09-17 12:54:00'),
(262, 'FOANSA6E', 'Forro Antigolpe Samsung S6 Edge', 96, 1, 830.00, 140, 2324.00, 1, '', '2018-02-03 18:04:00', '2018-09-17 12:54:00'),
(263, 'FOGESA6010', 'Forro Gel Samsung S6010', 94, 1, 450.00, 140, 1260.00, 1, '', '2018-02-03 18:04:00', '2018-09-17 12:54:00'),
(264, 'FOGESAS5', 'Forro Gel Samsung S5', 94, 1, 450.00, 140, 1260.00, 1, '', '2018-02-03 18:05:00', '2018-09-17 12:54:00'),
(265, 'FOGESAS5M', 'Forro Gel Samsung S5 Mini', 94, 1, 450.00, 140, 1260.00, 1, '', '2018-02-03 18:06:00', '2018-09-17 12:54:00'),
(266, 'FOGESA313', 'Forro Gel Samsung G313', 94, 1, 450.00, 140, 1260.00, 1, '', '2018-02-03 18:07:00', '2018-09-17 12:54:00'),
(267, 'FOESIP6', 'Forro Escarchado Iphone 6', 97, 1, 600.00, 140, 1680.00, 1, '', '2018-02-03 18:08:00', '2018-09-17 12:54:00'),
(268, 'FOGEHU730', 'Forro Gel Huawei G730', 94, 2, 450.00, 140, 1260.00, 1, '', '2018-02-03 18:16:00', '2018-09-17 12:54:00'),
(269, 'FOGEZTZ5', 'Forro Gel Zte Z5 Mini', 94, 1, 450.00, 140, 1260.00, 1, '', '2018-02-03 18:16:00', '2018-09-17 12:54:00'),
(270, 'FOGEHU860', 'Forro Gel Huawei C8860', 94, 2, 450.00, 140, 1260.00, 1, '', '2018-02-03 18:17:00', '2018-09-17 12:54:00'),
(271, 'FOGENO620', 'Forro Gel Nokia 620', 94, 3, 450.00, 140, 1260.00, 1, '', '2018-02-03 18:18:00', '2018-09-17 12:54:00'),
(272, 'FOGENO520', 'Forro Gel Nokia 520', 94, 2, 450.00, 140, 1260.00, 1, '', '2018-02-03 18:19:00', '2018-09-17 12:54:00'),
(273, 'FOGEZT765', 'Forro Gel Zte V765', 94, 1, 450.00, 140, 1260.00, 1, '', '2018-02-03 18:20:00', '2018-09-17 12:54:00'),
(274, 'FOGELG75', 'Forro Gel Lg E975/e973', 94, 2, 450.00, 140, 1260.00, 1, '', '2018-02-03 18:21:00', '2018-09-17 12:54:00'),
(275, 'FOGELGL5', 'Forro Gel Lg L5', 2, 1, 450.00, 140, 1260.00, 1, '', '2018-02-03 18:22:00', '2018-09-17 12:54:00'),
(276, 'FOGEZT432', 'Forro Gel Zte Z432', 94, 3, 450.00, 140, 1260.00, 1, '', '2018-02-03 18:23:00', '2018-09-17 12:54:00'),
(277, 'FOGEHUP8', 'Forro Gel Huawei P8', 94, 2, 450.00, 140, 1260.00, 1, '', '2018-02-03 18:23:00', '2018-09-17 12:54:00'),
(278, 'FOGEHU990', 'Forro Gel Huawei Cm990', 94, 2, 450.00, 140, 1260.00, 1, '', '2018-02-03 18:24:00', '2018-09-17 12:54:00'),
(280, 'FOGEHU530', 'Forro Gel Huawei G530', 94, 2, 450.00, 140, 1260.00, 1, '', '2018-02-03 18:27:00', '2018-09-17 12:54:00'),
(281, 'FOGEHU610', 'Forro Gel Huawei G610', 94, 2, 450.00, 140, 1260.00, 1, '', '2018-02-03 18:28:00', '2018-09-17 12:54:00'),
(282, 'FOGEMO2', 'Forro Gel Moto G2', 94, 1, 450.00, 140, 1260.00, 1, '', '2018-02-03 18:29:00', '2018-09-17 12:54:00'),
(283, 'FOGEHUP6', 'Forro Gel Huawei P6', 94, 1, 450.00, 140, 1260.00, 1, '', '2018-02-03 18:30:00', '2018-09-17 12:54:00'),
(284, 'FOAGHUP6', 'Forro Agenda Huawei P6', 95, 2, 600.00, 140, 1680.00, 1, '', '2018-02-03 18:31:00', '2018-09-17 12:54:00'),
(285, 'FOGEHA861', 'Forro Gel Haier W861', 94, 3, 450.00, 140, 1260.00, 1, '', '2018-02-03 18:38:00', '2018-09-17 12:54:00'),
(286, 'SUCETA', 'Sujetador De Celular Y Tablet', 31, 2, 120000.00, 220, 683020.80, 1, '', '2018-02-03 18:42:00', '2018-09-17 12:54:00'),
(287, 'SICAS3M', 'Sistema De Carga S3 Mini', 1, 14, 70000.00, 200, 358585.92, 1, '', '2018-02-05 14:21:00', '2018-09-17 12:54:00'),
(288, 'SICAS3', 'Sistema De Carga De Samsung S3', 1, 15, 70000.00, 200, 358585.92, 1, '', '2018-02-05 14:24:00', '2018-09-17 12:54:00'),
(289, 'SICAAN', 'Sistema De Carga Android', 1, 14, 70000.00, 200, 358585.92, 1, '', '2018-02-05 14:27:00', '2018-09-17 12:54:00'),
(290, 'SICA9320', 'Sistema De Carga Blackberry 9320', 9, 6, 70000.00, 200, 358585.92, 1, '', '2018-02-05 14:29:00', '2018-09-17 12:54:00'),
(291, 'SICA7569', 'Sistema De Carga Blackberry 7569', 9, 3, 70000.00, 200, 358585.92, 1, '', '2018-02-05 14:34:00', '2018-09-17 12:54:00'),
(292, 'MIFLSA', 'Microfono Flex De Samsung', 1, 3, 70000.00, 200, 358585.92, 1, '', '2018-02-05 14:42:00', '2018-09-17 12:54:00'),
(293, 'MISA', 'Microfono Samsung', 1, 7, 70000.00, 200, 358585.92, 1, '', '2018-02-05 14:44:00', '2018-09-17 12:54:00'),
(294, 'MIUN', 'Microfono Universal', 28, 9, 70000.00, 190, 338664.48, 1, '', '2018-02-05 14:46:00', '2018-09-17 12:54:00'),
(295, 'AUSAS6', 'Audifonos Manos Libres Samsung S6', 1, 0, 0.00, 220, 0.00, 1, '', '2018-02-06 22:30:00', '2018-09-17 12:54:00'),
(296, 'CASA3N1', 'Cargador 3 En 1 Samsung', 1, 0, 2080.00, 160, 6988.80, 1, '', '2018-02-14 17:28:00', '2018-09-17 12:54:00'),
(297, 'CACA4G', 'Cargador 2 En 1 Belkin Carro 4g', 77, 2, 1900.00, 160, 6384.00, 1, '', '2018-02-14 17:36:00', '2018-09-17 12:54:00'),
(298, 'CASAN3', 'Cable Usb Samsung Note3', 1, 1, 990.00, 160, 3326.40, 1, '', '2018-02-14 17:38:00', '2018-09-17 12:54:00'),
(299, 'GLSAJ3P', 'Glass Samsung J3 Prime', 1, 2, 1000.00, 140, 2800.00, 1, '', '2018-02-14 18:03:00', '2018-09-17 12:54:00'),
(300, 'GLZT815', 'Glass Zte V815 Kiss Ii Mas', 10, 0, 1000.00, 140, 2800.00, 1, '', '2018-02-14 18:05:00', '2018-09-17 12:54:00'),
(301, 'GLZT8200', 'Glass Zte V8200', 10, 3, 1000.00, 140, 2800.00, 1, '', '2018-02-14 18:07:00', '2018-09-17 12:54:00'),
(302, 'GLMOG2', 'Glass Moto G2', 70, 2, 1000.00, 140, 2800.00, 1, '', '2018-02-14 18:08:00', '2018-09-17 12:54:00'),
(303, 'GLSA7562', 'Glass Samsung S7562', 1, 5, 1000.00, 140, 2800.00, 1, '', '2018-02-14 18:10:00', '2018-09-17 12:54:00'),
(305, 'GLSAJ3-6', 'Glass Samsung J3-2016', 1, 3, 1000.00, 140, 2800.00, 1, '', '2018-02-14 18:12:00', '2018-09-17 12:54:00'),
(306, 'GLSAJ7P', 'Glass Samsung J7 Pro', 1, 1, 1000.00, 140, 2800.00, 1, '', '2018-02-14 18:13:00', '2018-09-17 12:54:00'),
(307, 'GLSAJ5P', 'Glass Samsung J5 Pro', 1, 2, 1000.00, 140, 2800.00, 1, '', '2018-02-14 18:13:00', '2018-09-17 12:54:00'),
(308, 'GLSAJ7P5.2', 'Glass Samsung J7 Pro 5.2', 1, 3, 1000.00, 140, 2800.00, 1, '', '2018-02-14 18:15:00', '2018-09-17 12:54:00'),
(309, 'GLSAS8', 'Glass Samsung S8', 1, 1, 1000.00, 140, 2800.00, 1, '', '2018-02-14 18:15:00', '2018-09-17 12:54:00'),
(310, 'GLSAJ7', 'Glass Samsung J7', 1, 0, 1000.00, 140, 2800.00, 1, '', '2018-02-14 22:17:00', '2018-09-17 12:54:00'),
(311, 'CAMI', 'Cambio De Microfono', 28, 0, 1500.00, 140, 4200.00, 1, '', '2018-02-20 21:45:00', '2018-09-17 12:54:00'),
(312, 'SETESO', 'Servicio Tecnico De Software', 31, 1, 250000.00, 220, 1422960.00, 1, '', '2018-02-28 16:47:00', '2018-09-17 12:54:00'),
(313, 'TASA7562', 'Tactil Samsung S7562', 1, 1, 1000.00, 160, 3080.00, 1, '', '2018-03-01 15:17:00', '2018-09-17 12:54:00'),
(314, 'SETEMA', 'Servicio Tecnico De Mantenimiento', 31, 0, 200000.00, 210, 1034880.00, 1, '', '2018-03-07 22:08:00', '2018-09-17 12:54:00'),
(315, 'CATIC', 'Cable Usb Tipo C', 31, 1, 990.00, 160, 3326.40, 1, '', '2018-03-08 15:24:00', '2018-09-17 12:54:00'),
(316, 'CAGRSA', 'Cable Usb Griffin 2 Metros Samsung', 87, 0, 1180.00, 160, 3964.80, 1, '', '2018-03-08 15:26:00', '2018-09-17 12:54:00'),
(317, 'CABPSA', 'Cargador 2 En 1 Belkin Pared Samsung', 77, 1, 2890.00, 160, 9710.40, 1, '', '2018-03-08 15:48:00', '2018-09-17 12:54:00'),
(318, 'TASA9300B', 'Tapa Trasera Samsung S4 I9300 Blanca', 1, 1, 1200.00, 140, 3360.00, 1, '', '2018-03-08 15:54:00', '2018-09-17 12:54:00'),
(319, 'TASA9300N', 'Tapa Trasera Samsung S4 I9300 Negra', 1, 1, 1100.00, 140, 3080.00, 1, '', '2018-03-08 15:55:00', '2018-09-17 12:54:00'),
(320, 'MISAJ7-6N', 'Mica Samsung J7-2016 Negra', 1, 1, 1000.00, 140, 2800.00, 1, '', '2018-03-08 16:50:00', '2018-09-17 12:54:00'),
(321, 'MISAS4N', 'Mica Samsung S4 I9500 Negro', 1, 2, 1000.00, 140, 2800.00, 1, '', '2018-03-08 16:57:00', '2018-09-17 12:54:00'),
(322, 'BASAS3M', 'Bateria Samsung S3 Mini', 1, 0, 1480.00, 140, 4144.00, 1, '', '2018-03-12 17:44:00', '2018-09-17 12:54:00'),
(324, 'BASAS4', 'Bateria Samsung S4', 1, 1, 2220.00, 140, 6216.00, 1, '', '2018-03-12 23:13:00', '2018-09-17 12:54:00'),
(325, 'BASAS3', 'Bateria Samsung S3', 1, 2, 2220.00, 140, 6216.00, 1, '', '2018-03-12 23:15:00', '2018-09-17 12:54:00'),
(326, 'BASAJ5', 'Bateria Samsung J5', 1, 0, 1580.00, 140, 4424.00, 1, '', '2018-03-12 23:19:00', '2018-09-17 12:54:00'),
(327, 'BASAS4M', 'Bateria Samsung S4 Mini', 1, 2, 1820.00, 140, 5096.00, 1, '', '2018-03-12 23:21:00', '2018-09-17 12:54:00'),
(328, 'BAHUY330', 'Bateria Huawei Y330', 7, 0, 1480.00, 140, 4144.00, 1, '', '2018-03-12 23:27:00', '2018-09-17 12:54:00'),
(329, 'BAHUY300', 'Bateria Huawei Y300', 7, 1, 2090.00, 140, 5852.00, 1, '', '2018-03-12 23:28:00', '2018-09-17 12:54:00'),
(330, 'BAHUCM990', 'Bateria Huawei Cm990', 7, 0, 1690.00, 140, 4732.00, 1, '', '2018-03-12 23:36:00', '2018-09-17 12:54:00'),
(331, 'MIAL5017', 'Mica Alcatel 5017', 6, 0, 2560.00, 140, 7168.00, 1, '', '2018-03-13 15:21:00', '2018-09-17 12:54:00'),
(332, 'BABL3160T', 'Bateria Blu Advance 4.0 / A270', 5, 0, 2100.00, 140, 5880.00, 1, '', '2018-03-22 21:27:00', '2018-09-17 12:54:00'),
(333, 'BAHUC2299', 'Bateria Huawei C2299', 7, 1, 2110.00, 140, 5908.00, 1, '', '2018-03-22 21:30:00', '2018-09-17 12:54:00'),
(334, 'BAHUY600', 'Bateria Huawei Y600', 7, 1, 2110.00, 140, 5908.00, 1, '', '2018-03-22 21:32:00', '2018-09-17 12:54:00'),
(335, 'BALGL5', 'Bateria Lg L5', 2, 1, 1630.00, 140, 4564.00, 1, '', '2018-03-22 22:15:00', '2018-09-17 12:54:00'),
(336, 'BALGL7', 'Bateria Lg L7', 2, 0, 1500.00, 140, 4200.00, 1, '', '2018-03-22 22:16:00', '2018-09-17 12:54:00'),
(337, 'BALGL9', 'Bateria Lg L9', 2, 1, 2440.00, 140, 6832.00, 1, '', '2018-03-22 22:16:00', '2018-09-17 12:54:00'),
(338, 'BALGL7-2', 'Bateria Lg Bl-59jh / L7-2', 2, 1, 2690.00, 140, 7532.00, 1, '', '2018-03-22 22:18:00', '2018-09-17 12:54:00'),
(339, 'BASAJ1-ACE', 'Bateria Samsung J1-ace', 1, 1, 1860.00, 140, 5208.00, 1, '', '2018-03-22 22:24:00', '2018-09-17 12:54:00'),
(340, 'BASAJ7', 'Bateria Samsung J7', 1, 1, 3270.00, 140, 9156.00, 1, '', '2018-03-22 22:25:00', '2018-09-17 12:54:00'),
(341, 'BASAC2', 'Bateria Samsung Core2 G355', 1, 1, 1690.00, 140, 4732.00, 1, '', '2018-03-22 22:26:00', '2018-09-17 12:54:00'),
(342, 'BASAS3650', 'Bateria Samsung S3650 Corby', 1, 1, 1370.00, 140, 3836.00, 1, '', '2018-03-22 22:27:00', '2018-09-17 12:54:00'),
(343, 'BASAS5690', 'Bateria Samsung S5690 Corby1', 1, 1, 1270.00, 140, 3556.00, 1, '', '2018-03-22 22:27:00', '2018-09-17 12:54:00'),
(344, 'BASAS5830', 'Bateria Samsung S5830', 1, 0, 1670.00, 140, 4676.00, 1, '', '2018-03-22 22:28:00', '2018-09-17 12:54:00'),
(345, 'BAZTX991', 'Bateria Zte X991', 10, 1, 2220.00, 140, 6216.00, 1, '', '2018-03-22 22:33:00', '2018-09-17 12:54:00'),
(346, 'BAZTKII', 'Bateria Zte Kiss Ii Mas (v815)', 10, 1, 1690.00, 140, 4732.00, 1, '', '2018-03-22 22:35:00', '2018-09-17 12:54:00'),
(347, 'BAZT865', 'Bateria Zte V865', 10, 0, 3800.00, 140, 10640.00, 1, '', '2018-03-22 22:40:00', '2018-09-17 12:54:00'),
(348, 'BANO5130', 'Bateria Mini Nokia 5130', 4, 0, 1150.00, 140, 3220.00, 1, '', '2018-03-22 22:42:00', '2018-09-17 12:54:00'),
(349, 'MIZTA2', 'Mica Zte Blade Apex 2', 10, 1, 2450.00, 140, 6860.00, 1, '', '2018-03-23 15:38:00', '2018-09-17 12:54:00'),
(350, 'CABESV8', 'Cable Usb Belkin Espiral V8', 77, 3, 1160.00, 160, 3897.60, 1, '', '2018-03-26 20:38:00', '2018-09-17 12:54:00'),
(351, 'CABEQI6', 'Cargador Belkin Quick I6', 77, 2, 3380.00, 160, 11356.80, 1, '', '2018-03-26 20:42:00', '2018-09-17 12:54:00'),
(352, 'CABEQV8', 'Cargador Belkin Quick V8', 77, 0, 3380.00, 160, 11356.80, 1, '', '2018-03-26 20:43:00', '2018-09-17 12:54:00'),
(353, 'CABPG', 'Cable Belkin Punta Plus Griffin', 77, 3, 740.00, 160, 2486.40, 1, '', '2018-03-26 21:00:00', '2018-09-17 12:54:00'),
(354, 'CACA3.1', 'Cargador Doble Usb 3.1 Carro', 72, 0, 1780.00, 160, 5980.80, 1, '', '2018-03-26 21:03:00', '2018-09-17 12:54:00'),
(355, 'CAINWI', 'Cargador Inalambrico Wireless', 72, 1, 4200.00, 160, 14112.00, 1, '', '2018-03-26 21:04:00', '2018-09-17 12:54:00'),
(356, 'MEKI4G', 'Memoria Micro Sd Kingston 4g', 60, 1, 5380.00, 140, 15064.00, 1, '', '2018-03-26 21:05:00', '2018-09-17 12:54:00'),
(357, 'LCSA7562', 'Lcd Samsung S7562', 1, 0, 2700.00, 140, 7560.00, 1, '', '2018-03-28 19:22:00', '2018-09-17 12:54:00'),
(358, 'GLSAJ2-P', 'Glass Samsung J2-prime', 1, 0, 1000.00, 140, 2800.00, 1, '', '2018-04-03 23:00:00', '2018-09-17 12:54:00'),
(359, 'TAZTY300', 'Tactil Huawei Y300', 7, 0, 1000.00, 160, 3080.00, 1, '', '2018-04-04 01:08:00', '2018-09-17 12:54:00'),
(360, 'TASAJP', 'Tactil Samsung J5 Prime', 1, 0, 1400.00, 160, 4312.00, 1, '', '2018-04-04 01:11:00', '2018-09-17 12:54:00'),
(361, 'TAZTNX406', 'Tactil Zte Victoria 2 Nx406', 10, 0, 2100.00, 160, 6468.00, 1, '', '2018-04-04 01:17:00', '2018-09-17 12:54:00'),
(362, 'GLHUY600', 'Glass Huawei Y600', 7, 1, 1000.00, 140, 2800.00, 1, '1525475969_glass huawei y600.jpg', '2018-04-10 01:33:00', '2018-09-17 12:54:00'),
(363, 'GLZTBL2', 'Glass Zte Blade L2', 10, 1, 1000.00, 140, 2800.00, 1, '', '2018-04-10 01:34:00', '2018-09-17 12:54:00'),
(364, 'GLZTV865', 'Glass Zte V865 (telepatria 1)', 10, 3, 1000.00, 140, 2800.00, 1, '', '2018-04-10 01:36:00', '2018-09-17 12:54:00'),
(365, 'GLUN3.5', 'Glass Universal 3.5', 28, 6, 1000.00, 140, 2800.00, 1, '', '2018-04-10 01:44:00', '2018-09-17 12:54:00'),
(366, 'GLUN4.5', 'Glass Universal 4.5', 28, 5, 1000.00, 140, 2800.00, 1, '', '2018-04-10 01:45:00', '2018-09-17 12:54:00'),
(367, 'GLUN6.0', 'Glass Universal 6.0', 28, 5, 1000.00, 140, 2800.00, 1, '', '2018-04-11 01:02:00', '2018-09-17 12:54:00'),
(368, 'TASAS3MB', 'Tapa Tracera Samsung S3 Mini Blanca', 1, 1, 1000.00, 140, 2800.00, 1, '', '2018-04-11 01:07:00', '2018-09-17 12:54:00'),
(369, 'TASAS3MA', 'Tapa Tracera Samsung S3 Mini Azul', 1, 2, 1000.00, 170, 3640.00, 1, '', '2018-04-11 01:08:00', '2018-09-17 12:54:00'),
(370, 'TASAS5N', 'Tapa Tracera Samsung S5 Negra', 1, 1, 1100.00, 140, 3080.00, 1, '', '2018-04-11 01:17:00', '2018-09-17 12:54:00'),
(371, 'TAIPS6B', 'Tapa Tracera Samsung S6 Blanca', 1, 1, 1000.00, 140, 2800.00, 1, '', '2018-04-11 01:18:00', '2018-09-17 12:54:00'),
(372, 'MISAS3N', 'Mica Samsung S3 Negra', 1, 0, 1000.00, 140, 2800.00, 1, '', '2018-04-11 01:21:00', '2018-09-17 12:54:00'),
(373, 'LCHUY330', 'Lcd Huawei Y330', 7, 1, 6200.00, 140, 17360.00, 1, '', '2018-04-11 01:50:00', '2018-09-17 12:54:00'),
(374, 'TAZTV5', 'Tactil Zte V5', 10, 1, 4300.00, 140, 12040.00, 1, '', '2018-04-11 01:52:00', '2018-09-17 12:54:00'),
(375, 'TASA6810', 'Tactil Samsung S6810', 1, 0, 1500.00, 160, 4620.00, 1, '', '2018-04-11 01:55:00', '2018-09-17 12:54:00'),
(376, 'TAHUY221', 'Tactil Huawei Y221', 7, 1, 3400.00, 140, 9520.00, 1, '', '2018-04-18 17:31:00', '2018-09-17 12:54:00'),
(377, 'GLZTV795', 'Glass Zte V795', 10, 4, 1000.00, 140, 2800.00, 1, '', '2018-05-05 00:29:00', '2018-09-17 12:54:00'),
(378, 'TAHUY550', 'Tactil Huawei Y550', 7, 0, 2500.00, 170, 8050.00, 1, '', '2018-05-16 21:04:00', '2018-09-17 12:54:00'),
(379, 'TAHUY210', 'Tactil Huawei Y210', 7, 1, 3000.00, 140, 8400.00, 1, '', '2018-05-18 16:04:00', '2018-09-17 12:54:00'),
(380, 'TAHUY520', 'Tactil Huawei Y520', 7, 0, 3000.00, 140, 8400.00, 1, '', '2018-05-21 18:51:00', '2018-09-17 12:54:00'),
(381, 'TASAT599', 'Tactil Samsung T599 Exhibit', 1, 1, 4200.00, 140, 11760.00, 1, '', '2018-05-21 18:58:00', '2018-09-17 12:54:00'),
(382, 'TASAJ5', 'Tactil Samsung J5', 1, 1, 3400.00, 140, 9520.00, 1, '', '2018-05-21 19:03:00', '2018-09-17 12:54:00'),
(383, 'CABE3N1I6', 'Cargador Belkin 3 En 1 I6', 77, 2, 9130.00, 140, 25564.00, 1, '', '2018-06-14 22:19:00', '2018-09-17 12:54:00'),
(384, 'CABE3N1V8', 'Cargador Belkin 3 En 1 V8', 77, 2, 9130.00, 140, 25564.00, 1, '', '2018-06-14 22:20:00', '2018-09-17 12:54:00'),
(385, 'CACA2PEI6', 'Cargador 2usb/ Espiral Belkin Carro I6', 77, 1, 6920.00, 140, 19376.00, 1, '', '2018-06-14 22:23:00', '2018-09-17 12:54:00'),
(386, 'CACA2PV8', 'Cargador 2usb/ Espiral Belkin Carro V8', 77, 1, 6920.00, 140, 19376.00, 1, '', '2018-06-14 22:24:00', '2018-09-17 12:54:00'),
(387, 'CAHUSP', 'Cargador 2 En 1 Huawei Super Rapido', 7, 3, 3630.00, 140, 10164.00, 1, '', '2018-06-14 22:25:00', '2018-09-17 12:54:00'),
(388, 'CABEPE', 'Cable Belkin Punta Plus Espiral', 77, 3, 2300.00, 140, 6440.00, 1, '', '2018-06-14 22:27:00', '2018-09-17 12:54:00'),
(389, 'GLHUY520', 'Glass Huawei Y520', 7, 3, 700.00, 140, 1960.00, 1, '', '2018-06-14 22:31:00', '2018-09-17 12:54:00'),
(390, 'GLAL6012', 'Glass Alcatel Ot6012', 6, 2, 700.00, 140, 1960.00, 1, '', '2018-06-14 22:32:00', '2018-09-17 12:54:00'),
(391, 'GLAL4015', 'Glass Alcatel Ot4015', 6, 2, 700.00, 140, 1960.00, 1, '', '2018-06-14 22:32:00', '2018-09-17 12:54:00'),
(392, 'GLSA9082', 'Glass Samsung I9082 Gran Duos', 1, 2, 700.00, 140, 1960.00, 1, '', '2018-06-14 22:41:00', '2018-09-17 12:54:00'),
(393, 'GLHUY360', 'Glass Huawei Y360', 7, 3, 700.00, 140, 1960.00, 1, '', '2018-06-14 22:41:00', '2018-09-17 12:54:00'),
(394, 'GLZTAP2', 'Glass Zte Blade Apex 2', 10, 3, 700.00, 140, 1960.00, 1, '', '2018-06-14 22:47:00', '2018-09-17 12:54:00'),
(395, 'GLMOG1', 'Glass Moto G1', 70, 4, 700.00, 140, 1960.00, 1, '', '2018-06-14 22:49:00', '2018-09-17 12:54:00'),
(397, 'GLZTV2', 'Glass Zte Victoria 2', 10, 6, 700.00, 140, 1960.00, 1, '', '2018-06-14 22:53:00', '2018-09-17 12:54:00'),
(398, 'TASAG130N', 'Tapa Trasera Samsung G130 Negra', 1, 2, 2630.00, 140, 7364.00, 1, '', '2018-06-14 23:08:00', '2018-09-17 12:54:00'),
(399, 'TASAG530N', 'Tapa Trasera Samsung G530 Negra', 1, 2, 1500.00, 140, 4200.00, 1, '', '2018-06-14 23:19:00', '2018-09-17 12:54:00'),
(400, 'TASAJ5N', 'Tapa Trasera Samsung J5 Negra', 1, 1, 1500.00, 140, 4200.00, 1, '', '2018-06-14 23:23:00', '2018-09-17 12:54:00'),
(401, 'TASAJ1AN', 'Tapa Trasera Samsung J1 Ace Negra', 1, 1, 1500.00, 140, 4200.00, 1, '', '2018-06-14 23:24:00', '2018-09-17 12:54:00'),
(402, 'TASAG313N', 'Tapa Trasera Samsung G313 Negra', 1, 2, 2700.00, 140, 7560.00, 1, '', '2018-06-14 23:25:00', '2018-09-17 12:54:00'),
(403, 'TASAJ1B', 'Tapa Trasera Samsung J1 Blanca', 1, 1, 1500.00, 140, 4200.00, 1, '', '2018-06-14 23:26:00', '2018-09-17 12:54:00'),
(404, 'TASAJ7B', 'Tapa Trasera Samsung J7 Blanca', 1, 2, 1500.00, 140, 4200.00, 1, '', '2018-06-14 23:27:00', '2018-09-17 12:54:00'),
(405, 'TASAS3B', 'Tapa Trasera Samsung S3 Blanca', 1, 1, 1500.00, 140, 4200.00, 1, '', '2018-06-14 23:28:00', '2018-09-17 12:54:00'),
(406, 'TASAS4B', 'Tapa Trasera Samsung S4 Blanca', 1, 1, 1500.00, 140, 4200.00, 1, '', '2018-06-14 23:29:00', '2018-09-17 12:54:00'),
(407, 'TASAS7B', 'Tapa Trasera Samsung S7 Blanca', 1, 1, 7800.00, 140, 21840.00, 1, '', '2018-06-14 23:34:00', '2018-09-17 12:54:00'),
(408, 'TASAS7EP', 'Tapa Trasera Samsung S7 Edge Plateada', 1, 1, 7800.00, 140, 21840.00, 1, '', '2018-06-14 23:35:00', '2018-09-17 12:54:00'),
(409, 'TAIP4SN', 'Tapa Trasera Iphone 4s Negra', 25, 2, 1700.00, 140, 4760.00, 1, '', '2018-06-14 23:58:00', '2018-09-17 12:54:00'),
(410, 'PUCAYX', 'Punta Para Cautin Yx206', 31, 1, 3100.00, 140, 8680.00, 1, '', '2018-06-15 00:03:00', '2018-09-17 12:54:00'),
(411, 'TASAG110', 'Tactil Samsung G110 Pocjket 2', 1, 1, 8300.00, 140, 23240.00, 1, '', '2018-06-15 00:05:00', '2018-09-17 12:54:00'),
(412, 'BASA8262', 'Bateria Sanmsung I8262 Core 2', 1, 1, 4850.00, 140, 13580.00, 1, '', '2018-06-15 00:16:00', '2018-09-17 12:54:00'),
(413, 'MISAS5B', 'Mica Samsung S5 Blanca', 1, 1, 3500.00, 140, 9800.00, 1, '', '2018-07-19 18:36:00', '2018-09-17 12:54:00');

-- --------------------------------------------------------

--
-- Estructura de tabla para la tabla `proveedor`
--

CREATE TABLE `proveedor` (
  `id` int(11) NOT NULL,
  `rif_pro` varchar(15) NOT NULL,
  `nom_pro` varchar(100) NOT NULL,
  `dir_pro` varchar(100) NOT NULL,
  `telf_pro` varchar(13) DEFAULT NULL
) ENGINE=InnoDB DEFAULT CHARSET=latin1;

--
-- Volcado de datos para la tabla `proveedor`
--

INSERT INTO `proveedor` (`id`, `rif_pro`, `nom_pro`, `dir_pro`, `telf_pro`) VALUES
(1, '5021081', 'Tecnomovil Plus', 'Terminal Expreso Barinas El Piñal', '');

-- --------------------------------------------------------

--
-- Estructura de tabla para la tabla `reparaciones`
--

CREATE TABLE `reparaciones` (
  `id` int(11) NOT NULL,
  `ced_id` int(4) NOT NULL,
  `usu_id` int(2) NOT NULL,
  `equipo_id` int(3) NOT NULL,
  `marca_id` int(11) NOT NULL,
  `modelo` varchar(40) NOT NULL,
  `color` varchar(40) NOT NULL,
  `servicio` varchar(100) NOT NULL,
  `detalle_serv` varchar(100) DEFAULT NULL,
  `imei` varchar(20) NOT NULL,
  `acce_recb` varchar(100) DEFAULT NULL,
  `pago_id` int(11) NOT NULL,
  `referencia` varchar(10) DEFAULT NULL,
  `status_id` int(11) NOT NULL,
  `entrega_id` int(11) NOT NULL,
  `tecnico_id` int(11) NOT NULL,
  `monto_serv` double(9,2) NOT NULL,
  `monto_repu` double(9,2) NOT NULL,
  `total` double(9,2) NOT NULL,
  `created_at` datetime DEFAULT NULL,
  `update_at` datetime DEFAULT NULL
) ENGINE=InnoDB DEFAULT CHARSET=latin1;

--
-- Volcado de datos para la tabla `reparaciones`
--

INSERT INTO `reparaciones` (`id`, `ced_id`, `usu_id`, `equipo_id`, `marca_id`, `modelo`, `color`, `servicio`, `detalle_serv`, `imei`, `acce_recb`, `pago_id`, `referencia`, `status_id`, `entrega_id`, `tecnico_id`, `monto_serv`, `monto_repu`, `total`, `created_at`, `update_at`) VALUES
(117, 114, 7, 1, 4, 'Q6', 'Amarillo', 'CAMBIO DE PIN DE CARGA', 'El Cliente Trae Otro Telefono Igual Para Cambiar La Pieza', '357662073701670', 'Bateria', 1, '', 2, 2, 3, 200000.00, 0.00, 200000.00, '2018-02-22 16:26:00', '2018-02-28 17:30:00'),
(118, 115, 7, 1, 7, 'Y320-u', 'Blanco', 'REPARACION Y MANTENIMIENTO', 'Colocar La Pieza Del Ban Cover', '861523017337493', 'Ninguno', 1, '', 3, 2, 3, 400000.00, 0.00, 400000.00, '2018-02-22 06:03:00', '2018-02-26 17:17:00'),
(119, 116, 7, 1, 5, 'Star 4.5', 'Blanco', 'ACTUALIZACION DE SOFTWARE', 'Se Realiza Bajo El Riesgo Del Cliente Debido A Que Al P Asar El Sftware Puede Que El Eaquipo Quede E', '356178061782763', 'Bateria', 1, '', 3, 2, 2, 600000.00, 0.00, 600000.00, '2018-02-22 08:06:00', '2018-03-10 20:49:00'),
(120, 117, 7, 1, 34, 'V865m', 'Negro', 'CAMBIO DE TACTIL', 'El Telefono Le Funciona A Medias El Tactil Debido A Que Esta Partido Por Una Esquina', '8643390010486403', 'Bateria', 1, '', 2, 2, 3, 1500000.00, 2034000.00, 3534000.00, '2018-02-22 08:12:00', '2018-02-26 17:17:00'),
(121, 118, 7, 1, 34, 'Z432', 'Negro', 'ACTUALIZACION DE SOFTWARE', 'El Telefono Prende En El Primer Logo,', '864767025693291', 'Bateria', 1, '', 3, 2, 2, 600000.00, 0.00, 600000.00, '2018-02-22 08:19:00', '2018-02-28 20:40:00'),
(122, 119, 7, 1, 6, '7040a', 'Blanco', 'ACTUALIZACION DE SOFTWARE', 'El Telefono Se Queda En El Logo, Se Realiza Bajo El Riesgo Del Cliente Debido A Que El Telefono Pued', '014278000879391', 'Bateria', 1, '', 2, 2, 2, 600000.00, 0.00, 600000.00, '2018-02-22 08:26:00', '2018-02-26 17:14:00'),
(123, 94, 7, 1, 1, 'A500h', 'Azul', 'REPARACION Y MANTENIMIENTO', 'No Enciende Bajo Riesgo Se Puede Partir La Pantalla ', '356379069587622', 'Ninguno', 1, '', 2, 2, 3, 1500.00, 0.00, 1500.00, '2018-02-24 03:35:00', '2018-03-03 15:30:00'),
(124, 120, 7, 1, 28, 'Gpfm1238mvb', 'Negro Y Azul', 'MANTENIMIENTO', 'Al Teclado Y General Ya Que El Cero No Funciona', '358484035680879', 'Bateria', 1, '', 2, 2, 3, 400000.00, 0.00, 400000.00, '2018-02-26 14:46:00', '2018-02-26 17:08:00'),
(125, 121, 7, 1, 73, 'I324f', 'Blanco Y Fucsi', 'DESBLOQUEO', 'Desbloqueo', '355027070926674', 'Bateria', 1, '', 2, 2, 2, 350.00, 0.00, 350.00, '2018-02-26 15:13:00', '2018-02-27 23:10:00'),
(126, 122, 7, 1, 5, 'Neo 3g', 'Negro', 'LIBERACION DE BANDAS', 'Detalle En El Tactil En La Parte Inferior Y En El Glass', '35628070013840', 'Bateria', 1, '', 2, 2, 2, 600000.00, 0.00, 600000.00, '2018-02-26 15:25:00', '2018-02-28 21:30:00'),
(127, 123, 7, 1, 10, 'V795', 'Negro', 'ACTUALIZACION DE SOFTWARE', 'Se Queda En El Logo, Se Realiza El Trabajo Bajoj El Riesgo Del Cliente Ya Que Puede Que Quede Ogual ', '865970022729873', 'Bateria', 1, '', 2, 2, 2, 600000.00, 0.00, 600000.00, '2018-02-26 15:45:00', '2018-02-26 20:26:00'),
(128, 124, 7, 1, 1, 'Cm-j120m', 'Negro-blanco', 'CAMBIO DE PIN DE CARGA', 'El Trabajo Se Realiza Bajo Riesgo Del Cliente Debido A Que Se Debe Sacar La Pantalla Para Poder Acce', '357014072739493', 'Bateria', 1, '', 3, 2, 3, 4000000.00, 0.00, 4000000.00, '2018-02-26 15:57:00', '2018-02-27 15:00:00'),
(129, 125, 7, 1, 1, 'G355 Core2 ', 'Blanco', 'CAMBIO DE TACTIL', 'Se Realiza El Trabajo Bajo El Riesgo De Que Se Pueda Partir La Pantalla Debido A Que Esta Muy Partid', 'NO SE OBSERVA', 'Bateria', 1, '', 3, 2, 3, 2000000.00, 1350000.00, 3350000.00, '2018-02-26 16:10:00', '2018-02-28 16:22:00'),
(130, 126, 7, 1, 5, 'Win Jr', 'Fucsia', 'DESCARGA DE APLICACIONES', 'El Tactil Sin Detalle', '355908060507659', 'Bateria', 1, '', 2, 2, 2, 70000.00, 0.00, 70000.00, '2018-02-26 16:15:00', '2018-02-26 19:54:00'),
(131, 127, 7, 1, 10, 'V765m', 'Negro', 'ACTUALIZACION DE SOFTWARE', 'Bateria Inflada', '867482004492338', 'Bateria', 1, '', 2, 2, 2, 700000.00, 0.00, 700000.00, '2018-02-26 16:19:00', '2018-02-26 21:37:00'),
(132, 128, 7, 1, 10, 'Grand X', 'Fucsia', 'ACTUALIZACION DE SOFTWARE', 'Se Realiza Bajo Riesgo Debido A Que Puede Quedar Igual, O Quedar En Negro Que No Encienda O Se Puede', '868841010471355', 'Bateria', 1, '', 3, 2, 2, 700000.00, 0.00, 700000.00, '2018-02-26 16:55:00', '2018-02-26 20:12:00'),
(133, 129, 7, 1, 34, 'X991', 'Blanco Y Rojo', 'REPARACION Y MANTENIMIENTO', 'Cambio De Boton De Encendido, El Cliente Trae Otro Del Mismo Modelo Para Cambiar La Pieza', 'A10000020EA4BDC', 'Bateria', 1, '', 2, 2, 3, 500000.00, 0.00, 500000.00, '2018-02-26 21:08:00', '2018-03-02 22:30:00'),
(134, 130, 7, 1, 2, 'Lg-d150g', 'Blanco', 'ACTUALIZACION DE SOFTWARE', 'Se Realiza El Trabajo Bajo El Riesgo Del Cliente Debido A Que Puede Quedar Igual, O Se Quede En Negr', '353932060126437', 'Bateria', 1, '', 3, 2, 2, 450000.00, 0.00, 450000.00, '2018-02-26 21:13:00', '2018-02-28 14:25:00'),
(135, 131, 7, 1, 34, 'Blade L2', 'Plateado', 'CAMBIO DE TACTIL', 'El Táctil Partido Pero Prende Bien Al Pagarlo La Corneta Se Escucho Feo Muy Ruidosa', '866592023227803', 'Bateria', 1, '', 2, 2, 3, 2000000.00, 1701000.00, 3701000.00, '2018-02-26 22:02:00', '2018-02-27 14:29:00'),
(137, 133, 7, 1, 1, 'I9300', 'Azul', 'ACTUALIZACION DE SOFTWARE', 'Cambio De Sistema Operativo', 'NO SE OBSERVA', 'Bateria', 1, '', 2, 2, 2, 700000.00, 0.00, 700000.00, '2018-02-27 17:00:00', '2018-02-28 15:26:00'),
(138, 134, 7, 1, 7, 'Y330', 'Negro', 'ACTUALIZACION DE SOFTWARE', 'Prende Y Se Apaga', '864882021199092', 'Bateria', 1, '', 3, 2, 2, 600000.00, 0.00, 600000.00, '2018-02-27 17:05:00', '2018-02-28 15:57:00'),
(139, 135, 7, 1, 4, '230', 'Negro', 'DESBLOQUEO', 'Sin Detalle', '355004050149114', 'Bateria', 1, '', 2, 2, 2, 300000.00, 0.00, 300000.00, '2018-02-28 13:52:00', '2018-03-01 17:34:00'),
(140, 136, 7, 1, 83, 'G31', 'Negro-blanco', 'ACTUALIZACION DE SOFTWARE', 'Detalle En La Esquina De Abajo', '359743070259645', 'Bateria', 1, '', 2, 2, 2, 0.00, 0.00, 0.00, '2018-02-28 14:31:00', '2018-03-02 22:27:00'),
(142, 138, 7, 1, 70, 'G1', 'Negro', 'CAMBIO PORTA SINCARD', 'La Piesa Se Cambia Con El Riesgo De Que Se Apague El Telefono Debido A La Alta Temperatura A La Que ', '359292050738558', 'Ninguno', 1, '', 2, 2, 3, 2000000.00, 0.00, 2000000.00, '2018-02-28 21:17:00', '2018-03-02 22:28:00'),
(143, 139, 7, 1, 1, 'Gts6310l', 'Blanco', 'ACTUALIZACION DE SOFTWARE', 'Se Realiza Bajo Riesgo Debido A Que Se Puede Apagar O Quedar Igual', '355849055606140', 'Bateria', 1, '', 2, 2, 2, 600000.00, 0.00, 600000.00, '2018-02-28 21:27:00', '2018-03-01 22:26:00'),
(144, 140, 7, 1, 4, '2081', 'Negro', 'DESBLOQUEO', 'Sin Tapa', '359191054771856', 'Bateria', 1, '', 1, 3, 2, 0.00, 0.00, 0.00, '2018-02-28 22:25:00', NULL),
(147, 143, 7, 1, 1, 'Sm-g532m/ds', 'Dorado', 'CAMBIO DE PIN DE CARGA', 'Sin Detalle Se Le Va Ha Realizar El Trabajo Sin Destapar Haber Si Se Le Soluciona', '353106089164139', 'Bateria', 1, '', 3, 2, 3, 2000000.00, 0.00, 2000000.00, '2018-03-01 15:45:00', '2018-03-02 22:30:00'),
(148, 144, 7, 1, 65, 'A850', 'Negro', 'ACTUALIZACION DE SOFTWARE', 'Detalle En La Mica', '356339066175011', 'Bateria', 1, '', 2, 2, 2, 600000.00, 0.00, 600000.00, '2018-03-01 16:34:00', '2018-03-03 00:22:00'),
(149, 145, 7, 1, 34, 'Victoria 2', 'Rojo', 'LIBERACION DE BANDAS', 'Con Detalle En El Glas', '863396026008050', 'Bateria', 1, '', 2, 2, 2, 800000.00, 0.00, 800000.00, '2018-03-01 17:04:00', '2018-03-01 20:45:00'),
(150, 146, 7, 1, 10, 'Kiss Ii Max', 'Negro', 'CAMBIO DE TACTIL', 'Detalle, Revisar Cobertura Porq No Levanta', '265730028953533', 'Bateria', 1, '', 2, 2, 3, 3500000.00, 0.00, 3500000.00, '2018-03-01 18:21:00', '2018-03-08 16:30:00'),
(151, 143, 7, 1, 1, 'Smg532m/ds', 'Dorado', 'CAMBIO DE PIN DE CARGA', 'Bajo Riesgo Del Cliente Que Se Pueda Partir La Pantalla', '3531089164139', 'Bateria,Forro', 1, '', 2, 2, 3, 3000000.00, 0.00, 3000000.00, '2018-03-01 18:26:00', '2018-03-02 22:31:00'),
(152, 147, 7, 1, 1, 'J120az', 'Negro', 'ACTUALIZACION DE SOFTWARE', 'Sin Detlle, Solo Actualizacion De Software', '356903082905915', 'Ninguno', 1, '', 2, 2, 2, 500000.00, 0.00, 500000.00, '2018-03-01 20:14:00', '2018-03-01 22:25:00'),
(153, 147, 7, 1, 10, 'Z831', 'Plateado', 'ACTUALIZACION DE SOFTWARE', 'Sin Detalle, Solo Software', '869641027435388ac', 'Bateria,Forro', 1, '', 3, 2, 2, 500000.00, 0.00, 500000.00, '2018-03-01 20:20:00', '2018-03-10 20:49:00'),
(155, 149, 7, 1, 28, 'Ola', 'Azul', 'DESBLOQUEO', 'Dos Telefonos Para Desbloquear, Ola Y Chao. ', 'NO SE OBSERVA', 'Bateria', 1, '', 2, 2, 2, 700000.00, 0.00, 700000.00, '2018-03-01 22:22:00', '2018-03-08 23:38:00'),
(156, 150, 7, 1, 12, 'Moto E4', 'Negro', 'LIBERACION DE BANDAS', 'Liberar', '353308086308590', 'Bateria,Sim Card', 1, '', 2, 2, 2, 2000000.00, 0.00, 2000000.00, '2018-03-02 15:44:00', '2018-03-05 14:52:00'),
(157, 151, 7, 1, 34, 'L2', 'Dorado', 'CAMBIO PORTA SINCARD', 'Cambio De Porta Sim Card.\r\nCambio De Microfono\r\n', '86659202140181', 'Bateria', 1, '', 2, 2, 3, 1581000.00, 119000.00, 1700000.00, '2018-03-02 16:41:00', '2018-03-06 20:53:00'),
(158, 152, 7, 1, 2, 'D150g', 'Blanco', 'ACTUALIZACION DE SOFTWARE', 'Con Riesgo De Que Se Quede Pegado O Se Apague.', '353932060242655', 'Bateria', 1, '', 2, 2, 2, 600000.00, 0.00, 600000.00, '2018-03-02 17:59:00', '2018-03-02 22:21:00'),
(161, 155, 7, 1, 35, 'Bucare Y330', 'Negro', 'ACTUALIZACION DE SOFTWARE', 'Con Riesgo De Que No Le Prenda O Se Quede Pegado', '864882026036752', 'Bateria', 1, '', 3, 2, 2, 600000.00, 0.00, 600000.00, '2018-03-02 20:20:00', '2018-03-10 20:49:00'),
(165, 159, 7, 1, 1, 'Smj500m', 'Blanco', 'ACTUALIZACION DE SOFTWARE', 'Con Riesgo De Que No Le Prenda O Se Quede Pegado.', '35213001912458401', 'Bateria', 1, '', 2, 2, 2, 1000000.00, 0.00, 1000000.00, '2018-03-03 14:44:00', '2018-03-09 22:41:00'),
(166, 160, 7, 1, 83, 'G31', 'Blanco', 'ACTUALIZACION DE SOFTWARE', 'Whatsapp Y Correo', '359743070191459', 'Bateria', 1, '', 2, 2, 2, 700000.00, 0.00, 700000.00, '2018-03-03 14:51:00', '2018-03-03 19:12:00'),
(170, 141, 7, 1, 73, 'F8', 'Negro-rosa', 'ACTUALIZACION DE SOFTWARE', 'Reparacion De Software El Cliente Deja Las Dos Sim Card Para Probar Que El Equipo Quede Funcionando', '352643059341439', 'Bateria,Sim Card', 1, '', 3, 2, 2, 500000.00, 0.00, 500000.00, '2018-03-05 14:44:00', '2018-03-10 20:50:00'),
(171, 163, 7, 1, 1, 'G570m', 'Azul', 'LIBERACION DE BANDAS', 'Sin Detalles', '3534420086259192', 'Bateria', 1, '', 3, 2, 2, 2000000.00, 0.00, 2000000.00, '2018-03-05 15:12:00', '2018-03-06 00:03:00'),
(172, 164, 7, 1, 5, 'Advance 5.0', 'Blanco', 'CAMBIO DE PIN DE CARGA', 'Sin Detalles', '357835070886492', 'Bateria', 1, '', 2, 2, 3, 1000000.00, 0.00, 1000000.00, '2018-03-05 15:31:00', '2018-03-06 20:49:00'),
(173, 165, 7, 1, 28, 'Many', 'Negro-rosa', 'ACTUALIZACION DE SOFTWARE', 'Sin Detalle', '355686790042672', 'Bateria', 1, '', 2, 2, 2, 600000.00, 0.00, 600000.00, '2018-03-05 15:40:00', '2018-03-05 20:27:00'),
(174, 166, 7, 1, 34, 'S133', 'Gris- Amarillo', 'ACTUALIZACION DE SOFTWARE', 'Sin Detalle, Abombada La Bateria', 'A00000376D65EC', 'Bateria', 1, '', 3, 2, 2, 600000.00, 0.00, 600000.00, '2018-03-05 15:56:00', '2018-03-09 22:22:00'),
(175, 167, 7, 1, 9, 'Z10', 'Negro', 'ACTUALIZACION DE SOFTWARE', 'Se Realiza Bajo Riesgo Del Cliente Ya Que Puede Que El Equipo Prenda O Se Quede Apagado', 'NO SE OBSERVA', 'Bateria', 1, '', 3, 2, 3, 500000.00, 0.00, 500000.00, '2018-03-05 16:00:00', '2018-03-07 21:34:00'),
(177, 169, 7, 1, 7, 'Y511', 'Negro', 'CAMBIO DE TACTIL', 'Sin Detalle', '865685015309463', 'Bateria', 1, '', 2, 2, 3, 2000000.00, 1386000.00, 3386000.00, '2018-03-05 16:10:00', '2018-03-05 22:18:00'),
(178, 170, 7, 1, 63, 'M4', 'Negro', 'ACTUALIZACION DE SOFTWARE', 'A Riesgo De Que No Prenda Mas O Posiblemente Se Quede Pegado ', '356848062609153', 'Bateria', 1, '', 2, 2, 2, 600000.00, 0.00, 600000.00, '2018-03-05 20:07:00', '2018-03-06 15:23:00'),
(179, 171, 7, 1, 41, 'L900', 'Negro', 'ACTUALIZACION DE SOFTWARE', 'Detalle, Partida La Mica', '358381060125210', 'Bateria', 1, '', 2, 2, 2, 300000.00, 0.00, 300000.00, '2018-03-05 20:32:00', '2018-03-10 20:50:00'),
(180, 172, 7, 1, 1, 'Gt19080l', 'Blanco', 'REPARACION Y MANTENIMIENTO', 'Sin Detalle', '356085054576278', 'Bateria', 1, '', 2, 2, 3, 1400000.00, 0.00, 1400000.00, '2018-03-05 20:57:00', '2018-03-06 20:50:00'),
(181, 173, 7, 1, 10, 'Z812', 'Negro', 'MANTENIMIENTO', 'Revisar Cobertura, Mantenimiento', '869578021520684', 'Bateria,Sim Card', 1, '', 2, 2, 3, 0.00, 0.00, 0.00, '2018-03-05 21:09:00', '2018-03-06 20:49:00'),
(182, 174, 7, 1, 5, 'Advance4.0', 'Blanco', 'ACTUALIZACION DE SOFTWARE', 'Bajo Riesgo Y Sin Garantia, Se Entrego Apagado', '359386053730990', 'Ninguno', 1, '', 2, 2, 2, 500000.00, 0.00, 500000.00, '2018-03-06 00:22:00', '2018-03-13 13:48:00'),
(184, 176, 7, 1, 7, 'Y360-u03', 'Negro', 'ACTUALIZACION DE SOFTWARE', 'Se Realiza Bajo El Riesgo Del Cliente Debido A Que Puede Quedar En Negro, Igual Como Lo Trajo O Que ', '866839028497901', 'Bateria', 1, '', 3, 2, 2, 600000.00, 0.00, 600000.00, '2018-03-06 15:34:00', '2018-03-08 23:37:00'),
(185, 177, 7, 1, 5, 'Energy Mini', 'Negro', 'ACTUALIZACION DE SOFTWARE', 'Detalle En El Bisel', '35910470953341', 'Bateria', 1, '', 2, 2, 2, 600000.00, 0.00, 600000.00, '2018-03-06 16:15:00', '2018-03-06 21:59:00'),
(186, 178, 7, 1, 1, 'C3300k', 'Negro', 'CAMBIO DE SISTEMA OPERATIVO', 'Reparar El Sistema Operativo', '355718044650955', 'Bateria,Sim Card', 1, '', 3, 2, 2, 800000.00, 0.00, 800000.00, '2018-03-06 17:23:00', '2018-03-08 17:14:00'),
(187, 179, 7, 1, 10, 'L2', 'Dorado Y Negro', 'REPARACION Y MANTENIMIENTO', 'Cambiar Botón De Encendido Y Corneta Externa\r\nSi Se Repara La Corneta Es Un Adicional De 800mil', '866592022008634', 'Bateria', 1, '', 2, 2, 3, 1000000.00, 0.00, 1000000.00, '2018-03-06 17:36:00', '2018-03-06 20:50:00'),
(188, 180, 7, 1, 28, 'Tis001', 'Negro-rosa', 'DESBLOQUEO', 'Sin Detalle', '354407080010506', 'Bateria', 1, '', 3, 2, 2, 250000.00, 0.00, 250000.00, '2018-03-06 17:46:00', '2018-03-09 22:40:00'),
(189, 181, 7, 1, 34, 'Blade L2', 'Negro', 'CAMBIO PORTA SINCARD', 'Sin Detalle, No Levanta Señal', '866592022017791', 'Bateria,Sim Card', 1, '', 2, 2, 3, 800000.00, 0.00, 800000.00, '2018-03-06 20:02:00', '2018-03-07 21:35:00'),
(191, 183, 7, 1, 44, '4 Cdma', 'Azul', 'ACTUALIZACION DE SOFTWARE', 'Sin Detalle', 'A000004E872B43', 'Bateria', 1, '', 2, 2, 2, 600000.00, 0.00, 600000.00, '2018-03-06 20:21:00', '2018-03-06 22:02:00'),
(193, 185, 7, 1, 2, 'P714', 'Blanco Y Negro', 'ACTUALIZACION DE SOFTWARE', 'Sin Detalle, No Levanta Señal', '358738056816807', 'Bateria,Sim Card', 1, '', 3, 2, 2, 600000.00, 0.00, 600000.00, '2018-03-06 22:29:00', '2018-03-09 17:03:00'),
(199, 191, 7, 1, 39, 'Bang', 'Negro', 'ACTUALIZACION DE SOFTWARE', 'Se Queda Pegado En El Logo, Se Va Hacer El Trabajo Bajo Riesgo Y Sin Garantia, Que Prenda O Que Qued', '862444019425872', 'Bateria', 1, '', 2, 2, 2, 500000.00, 0.00, 500000.00, '2018-03-07 23:55:00', '2018-03-22 22:44:00'),
(200, 192, 7, 1, 34, 'N720', 'Vinotinto', 'LIBERACION DE BANDAS', 'Sin Detalle', '353577044228351', 'Bateria', 1, '', 2, 2, 2, 500000.00, 0.00, 500000.00, '2018-03-08 14:21:00', '2018-03-08 17:14:00'),
(202, 194, 7, 1, 2, 'Lg-h345', 'Azul Y Negro', 'DESBLOQUEO', 'Sin Detalle', '354054072291312', 'Bateria', 1, '', 2, 2, 2, 250000.00, 0.00, 250000.00, '2018-03-08 16:16:00', '2018-03-08 23:39:00'),
(203, 195, 7, 1, 7, 'G2201', 'Negro', 'LIBERACION DE BANDAS', 'Sin Detalle', '012306001007332', 'Bateria', 1, '', 3, 2, 2, 500000.00, 0.00, 500000.00, '2018-03-08 16:27:00', '2018-03-08 18:03:00'),
(204, 196, 7, 1, 2, 'Ls676', 'Blanco', 'LIBERACION DE BANDAS', 'Sin Detalles', '35984208245193', 'Bateria', 1, '', 3, 2, 2, 800000.00, 0.00, 800000.00, '2018-03-08 16:54:00', '2018-03-08 23:39:00'),
(205, 197, 7, 1, 10, 'V765m', 'Negro', 'ACTUALIZACION DE SOFTWARE', 'Hacer Respaldo A La Memoria 0424-7126085', '867482004449981', 'Bateria,Memoria SD', 1, '', 2, 2, 2, 300000.00, 0.00, 300000.00, '2018-03-08 17:25:00', '2018-03-08 22:00:00'),
(206, 198, 7, 1, 1, 'S6310l', 'Gris', 'CAMBIO DE SISTEMA OPERATIVO', 'Reparar El Software Por Que Se Le Daño En Otro St', '355849053613676', 'Bateria,Sim Card', 1, '', 2, 2, 2, 600000.00, 0.00, 600000.00, '2018-03-08 17:37:00', '2018-03-14 15:47:00'),
(207, 199, 7, 2, 80, 'Tr10cs1', 'Blanco', 'ACTUALIZACION DE SOFTWARE', 'A Riesgo De Que No Le Prenda O Se Quede En Negro', '00000000000', 'Ninguno', 1, '', 2, 2, 2, 700000.00, 0.00, 700000.00, '2018-03-08 18:13:00', '2018-03-10 16:50:00'),
(208, 200, 7, 1, 6, 'Tct', 'Negro Y Rojo', 'DESBLOQUEO', 'Sin Detalle, Desbloquear', '000000000', 'Bateria', 1, '', 2, 2, 2, 250000.00, 0.00, 250000.00, '2018-03-08 19:05:00', '2018-03-14 17:58:00'),
(209, 201, 7, 1, 1, 'G19500', 'Gris', 'ACTUALIZACION DE SOFTWARE', 'Se Recibió El Equipo Sin Tornillos, No Levanta Señal', 'no se observa', 'Bateria', 1, '', 3, 2, 2, 800000.00, 0.00, 800000.00, '2018-03-08 21:46:00', '2018-03-13 13:45:00'),
(210, 202, 7, 1, 28, 'G26a', 'Negro', 'ACTUALIZACION DE SOFTWARE', 'Partida La Mica', '359965070028742', 'Bateria', 1, '', 1, 3, 2, 600000.00, 0.00, 600000.00, '2018-03-08 21:55:00', NULL),
(211, 149, 7, 1, 7, 'U6150-5', 'Negro Y Rojo', 'MANTENIMIENTO', 'Se Queda En Movilnet, Blanco', '356276040700953', 'Bateria', 1, '', 1, 3, 2, 700000.00, 0.00, 700000.00, '2018-03-08 22:10:00', NULL),
(212, 203, 7, 1, 5, 'C110u', 'Negro', 'CAMBIO DE PIN DE CARGA', 'Cambiar Pin De Carga.', '357783070639935', 'Bateria', 1, '', 2, 2, 3, 1000000.00, 0.00, 1000000.00, '2018-03-08 22:21:00', '2018-03-10 19:13:00'),
(213, 204, 7, 1, 34, 'B75', 'Negro Y Vinotinto', 'CAMBIO PORTA SINCARD', 'No Agarra Sincard, Arreglar', 'no se observa', 'Bateria', 1, '', 2, 2, 3, 800000.00, 0.00, 800000.00, '2018-03-08 22:37:00', '2018-03-10 19:14:00'),
(214, 71, 7, 1, 1, 'I9300', 'Blanco', 'MANTENIMIENTO', 'El Teléfono Se Mojo Y No A Prendido. \r\nEl Pin De Carga Ni Funciona.\r\nEl Sistema Que Hace Girar El Te', ' no se observa', 'Bateria', 1, '', 2, 2, 3, 0.00, 0.00, 0.00, '2018-03-09 14:45:00', '2018-03-13 17:15:00'),
(215, 205, 7, 1, 6, '3000c', 'Blanco', 'MANTENIMIENTO', 'Cambio De Carcasa.', 'a100003bcab180', 'Bateria', 1, '', 2, 2, 2, 300000.00, 0.00, 300000.00, '2018-03-09 16:27:00', '2018-03-10 20:49:00'),
(216, 206, 7, 1, 5, 'Advance 4.0', 'Blanco', 'ACTUALIZACION DE SOFTWARE', 'Bajo Riesgo Al Cliente Que Prenda O Quede Apagado ', '359386053743803', 'Bateria', 1, '', 2, 2, 2, 600000.00, 0.00, 600000.00, '2018-03-09 16:51:00', '2018-03-10 19:22:00'),
(217, 207, 7, 1, 1, 'Gts-5312l', 'Gris Y Negro', 'ACTUALIZACION DE SOFTWARE', 'Actualizar, Aplicaciones Pegadas', '356277050188295', 'Bateria,Memoria SD', 1, '', 2, 2, 2, 300000.00, 0.00, 300000.00, '2018-03-09 20:39:00', '2018-03-13 13:47:00'),
(218, 208, 7, 1, 28, 'U20', 'Negro Y Verde', 'DESBLOQUEO', 'Sin Detalle. Desbloquear', '355341070368583', 'Bateria', 1, '', 3, 2, 2, 300000.00, 0.00, 300000.00, '2018-03-09 20:44:00', '2018-03-13 13:44:00'),
(219, 188, 7, 1, 7, 'G511', 'Negro', 'REPARACION Y MANTENIMIENTO', 'No Enciende', '865685014387122', 'Bateria', 1, '', 3, 2, 3, 0.00, 0.00, 0.00, '2018-03-09 20:59:00', '2018-03-13 17:15:00'),
(220, 209, 7, 1, 1, 'Gt-19300', 'Negro', 'ACTUALIZACION DE SOFTWARE', 'Se Queda Pegado En El Logo', '355847057126646', 'Bateria', 1, '', 2, 2, 2, 0.00, 0.00, 0.00, '2018-03-10 15:11:00', '2018-03-10 17:00:00'),
(221, 210, 7, 1, 6, '4015a', 'Blanco', 'DESBLOQUEO', 'Sin Detalle, Desbloquear', '01419900940253', 'Bateria', 1, '', 2, 2, 2, 200000.00, 0.00, 200000.00, '2018-03-10 15:32:00', '2018-03-10 16:08:00'),
(223, 157, 7, 1, 6, '4009s', 'Negro', 'CAMBIO DE PIN DE CARGA', 'Sin Detalle, Mantenimiento', '358090062155048', 'Bateria,Sim Card', 1, '', 2, 2, 3, 1000000.00, 0.00, 1000000.00, '2018-03-10 19:19:00', '2018-03-10 22:16:00'),
(226, 214, 7, 1, 7, 'Y330', 'Rojo', 'CAMBIO DE SISTEMA OPERATIVO', 'El Teléfono Se Encuentra Pegado En El Logo. ', '86488202549244', 'Bateria', 1, '', 2, 2, 2, 800000.00, 0.00, 800000.00, '2018-03-12 15:28:00', '2018-03-14 00:15:00'),
(227, 215, 7, 1, 7, 'Y221', 'Blanco', 'MANTENIMIENTO', 'Cambio De Boton De Encendido', '865247024069255', 'Bateria', 1, '', 2, 2, 3, 800000.00, 0.00, 800000.00, '2018-03-12 16:30:00', '2018-03-13 17:15:00'),
(228, 216, 7, 1, 1, 'I9192', 'Blanco', 'LIBERACION DE BANDAS', 'Liberar', '352603064130938', 'Bateria', 1, '', 2, 2, 2, 800000.00, 0.00, 800000.00, '2018-03-12 16:35:00', '2018-03-13 17:09:00'),
(229, 217, 7, 1, 1, 'I9192', 'Blanco', 'ACTUALIZACION DE SOFTWARE', 'Actualización De Software \r\nEl Teléfono Esta A Riesgo Del Cliente, Se Le Puede Entregar Funcional O ', '357967055107188', 'Bateria', 1, '', 3, 2, 2, 700000.00, 0.00, 700000.00, '2018-03-12 16:48:00', '2018-03-14 14:22:00'),
(230, 218, 7, 1, 7, 'G730', 'Negro', 'REPARACION Y MANTENIMIENTO', 'Reparacion Del Boton Del Volumen Arriba Debido A Que Entra En Modo Recoberi', '864223023800553', 'Bateria', 1, '', 2, 2, 3, 800000.00, 0.00, 800000.00, '2018-03-13 14:07:00', '2018-03-13 17:15:00'),
(231, 219, 7, 1, 7, 'G630', 'Blanco', 'MANTENIMIENTO', 'Levantar La Bateria Ya Que Solo Muestra El Dibujo De La Bateria Al Conectarlo A Un Cargador, El Tact', '864296021589931', 'Bateria', 1, '', 2, 2, 3, 1000000.00, 0.00, 1000000.00, '2018-03-13 14:18:00', '2018-03-14 13:56:00'),
(232, 220, 7, 1, 41, 'X210', 'Negro', 'REPARACION Y MANTENIMIENTO', 'Cheo Desbloqueo 250\r\nJoel Cambio De Pin De Carga', '357742080365147', 'Bateria', 1, '', 2, 3, 3, 1050000.00, 0.00, 1050000.00, '2018-03-13 14:48:00', NULL),
(233, 220, 7, 1, 41, 'X210', 'Negro', 'CAMBIO DE PIN DE CARGA', 'Y Desbloqueo 250000', '357742080365147', 'Bateria', 1, '', 2, 2, 3, 1050000.00, 0.00, 1050000.00, '2018-03-13 14:50:00', '2018-03-26 16:54:00'),
(234, 221, 7, 1, 10, 'Blade L2', 'Dorado', 'CAMBIO DE TACTIL', 'No Le Funciona La Mita Del Tactil, La Tapa Tiene Quiebres', 'NO SE OBSERVA', 'Bateria', 1, '', 2, 2, 3, 3500000.00, 0.00, 3500000.00, '2018-03-13 15:01:00', '2018-03-16 21:19:00'),
(237, 223, 7, 1, 5, 'Advance 4.0', 'Blanco', 'CAMBIO DE PIN DE CARGA', 'No Conecta Al Cargador Se Le Va Ha Cambiar El Pin De Carga, Y Despues Se Va Hacer Software Debido A ', '359386050615749', 'Bateria', 1, '', 1, 3, 2, 1600000.00, 0.00, 1600000.00, '2018-03-13 16:11:00', NULL),
(238, 224, 7, 1, 7, 'Cm651', 'Negro-rojo', 'ACTUALIZACION DE SOFTWARE', 'Se Queda En Movilnet', 'A00000429BD39A', 'Bateria', 1, '', 3, 2, 2, 700000.00, 0.00, 700000.00, '2018-03-13 17:31:00', '2018-03-27 23:56:00'),
(239, 225, 7, 1, 91, 'Am523', 'Negro', 'ACTUALIZACION DE SOFTWARE', 'Tiene Una Aplicación Que Se Detiene, Software Bajo Riesgo', '359239071006226', 'Bateria', 1, '', 1, 3, 2, 600000.00, 0.00, 600000.00, '2018-03-13 18:10:00', NULL),
(240, 225, 7, 1, 91, 'Am523', 'Negro', 'ACTUALIZACION DE SOFTWARE', 'Tiene Una Aplicación Que Se Detiene, Bajo Riesgo ', '359239071006226', 'Bateria,Memoria SD', 1, '', 2, 3, 2, 600000.00, 0.00, 600000.00, '2018-03-13 18:13:00', NULL),
(241, 226, 7, 1, 10, 'Apex 2', 'Blanco', 'MANTENIMIENTO', 'Mantenimiento Al Tactil', '862191024830204', 'Bateria', 1, '', 3, 2, 3, 500000.00, 0.00, 500000.00, '2018-03-13 18:38:00', '2018-03-26 16:16:00'),
(243, 228, 7, 1, 34, 'V769m', 'Blanco', 'ACTUALIZACION DE SOFTWARE', 'Bajo Riesgo De Que No Prenda O Se Quede Pegado', '862867020808464', 'Bateria', 1, '', 3, 3, 2, 700000.00, 0.00, 700000.00, '2018-03-13 20:53:00', NULL),
(244, 77, 7, 1, 83, 'G31', 'Blanco', 'LIBERACION DE BANDAS', 'Sin Detalle, Liberarlo', '359743070221512', 'Bateria', 1, '', 1, 3, 2, 0.00, 0.00, 0.00, '2018-03-13 22:13:00', NULL),
(246, 230, 7, 1, 7, 'G620', 'Negro', 'ACTUALIZACION DE SOFTWARE', 'Sin Detalle. Software', '8653865390020194493', 'Bateria', 1, '', 3, 2, 2, 800000.00, 0.00, 800000.00, '2018-03-13 22:41:00', '2018-03-22 22:44:00'),
(247, 231, 7, 1, 73, 'Wave 5.0', 'Blanco', 'REPARACION Y MANTENIMIENTO', 'Se Le Va Ha Adaptar Una Bateria Al Telefono, Lo Cual Va Ha Quedar Como Una Bateria Interna', '356551070020310', 'Bateria', 1, '', 3, 2, 3, 0.00, 0.00, 0.00, '2018-03-14 16:13:00', '2018-03-15 22:59:00'),
(248, 232, 7, 1, 66, 'A35c', 'Negro', 'CAMBIO DE PIN DE CARGA', 'Detalle En La Mica Tactil En Dos Partes', '359441067335672', 'Bateria', 1, '', 2, 3, 3, 800000.00, 0.00, 800000.00, '2018-03-14 16:20:00', NULL),
(249, 234, 7, 1, 7, 'Y600', 'Blanco', 'ACTUALIZACION DE SOFTWARE', 'Tiene Varios Detalles En La Mica', 'NO SE OBSERVA', 'Bateria', 1, '', 2, 2, 2, 600000.00, 0.00, 600000.00, '2018-03-15 15:10:00', '2018-03-27 23:55:00'),
(250, 235, 7, 1, 1, 'Cm980', 'Negro', 'ACTUALIZACION DE SOFTWARE', 'Actualizacion Del Sistema Operativo', '268435462604076467', 'Bateria', 1, '', 2, 2, 2, 700000.00, 0.00, 700000.00, '2018-03-15 15:36:00', '2018-03-27 23:48:00'),
(251, 196, 7, 1, 2, 'Tribute Ht', 'Blanco', 'ACTUALIZACION DE SOFTWARE', 'Actualizacion De Software', '359842082451933', 'Bateria', 1, '', 3, 2, 2, 800000.00, 0.00, 800000.00, '2018-03-15 15:42:00', '2018-03-15 22:58:00'),
(252, 236, 7, 1, 91, 'Am523', 'Dorado', 'MANTENIMIENTO', 'No Enciende Luego Que Se Cayo Al Cliente. ', '359239070395646', 'Bateria', 1, '', 3, 2, 3, 200000.00, 0.00, 200000.00, '2018-03-15 15:46:00', '2018-03-26 16:11:00'),
(253, 238, 7, 1, 7, 'G5010', 'Negro-rojo', 'LIBERACION DE BANDAS', 'Sin Detalle', '354488030093776', 'Bateria', 1, '', 3, 2, 2, 800000.00, 0.00, 800000.00, '2018-03-15 17:22:00', '2018-03-27 23:51:00'),
(254, 239, 7, 1, 1, 'S5282', 'Blanco', 'DESBLOQUEO', 'Sin  Ningun Detalle', '354216061594382', 'Bateria', 1, '', 2, 2, 2, 500000.00, 0.00, 500000.00, '2018-03-15 22:37:00', '2018-03-27 23:48:00'),
(255, 240, 7, 1, 12, 'Xt1762', 'Negro', 'DESBLOQUEO', 'Detalle, Tiene El Vidrio Templado Partido', '35650784005192', 'Bateria,Forro', 1, '', 1, 3, 2, 2500000.00, 0.00, 2500000.00, '2018-03-16 18:07:00', NULL),
(256, 241, 7, 1, 10, 'V795', 'Negro', 'ACTUALIZACION DE SOFTWARE', 'Bajo Riesgo Del Cliente, Que Se Quede Apagado O Pegado', '865970022650301', 'Bateria', 1, '', 3, 2, 2, 700000.00, 0.00, 700000.00, '2018-03-16 19:27:00', '2018-03-27 23:55:00'),
(257, 242, 7, 1, 34, 'V8200', 'Azu L', 'LIBERACION DE BANDAS', 'Liberacion', '869162011940184', 'Bateria', 1, '', 3, 2, 2, 800000.00, 0.00, 800000.00, '2018-03-17 15:42:00', '2018-03-27 23:52:00'),
(258, 243, 7, 1, 2, 'Lg-d326g8', 'Negro-blanco', 'ACTUALIZACION DE SOFTWARE', 'Se Realiza Bajo Riesgo, Debido A Que Se Puede Quedar Apagado, Tiene Detalle En El Tactil', '352579061991805', 'Bateria', 1, '', 3, 2, 2, 700000.00, 0.00, 700000.00, '2018-03-17 16:38:00', '2018-03-27 23:49:00'),
(261, 242, 7, 1, 2, 'Gs107a', 'Rojo Y Negro', 'LIBERACION DE BANDAS', 'Detalle, Se Recibió Apagado', '012531004354759', 'Bateria,Sim Card', 1, '', 1, 3, 2, 600000.00, 0.00, 600000.00, '2018-03-17 17:32:00', NULL),
(262, 245, 7, 1, 7, 'Y300', 'Negro', 'ACTUALIZACION DE SOFTWARE', 'Se Realiza El Trabajo Bajo El Riesgo Del Cliente Debido A Que Puede Quedar Apagado', 'NO SE OBSERVA', 'Bateria', 1, '', 2, 2, 2, 700000.00, 0.00, 700000.00, '2018-03-19 13:38:00', '2018-03-27 23:53:00'),
(263, 246, 7, 1, 1, 'Gts7500l', 'Negro', 'ACTUALIZACION DE SOFTWARE', 'Bajo Riesgo Del Cliente, Que Se Quede Pegado O No Prenda Mas', '3522590529499399', 'Bateria', 1, '', 3, 2, 2, 700000.00, 0.00, 700000.00, '2018-03-19 20:23:00', '2018-03-26 16:13:00'),
(264, 247, 7, 1, 7, 'P8', 'Blanco', 'MANTENIMIENTO', 'Revisión De Audio Y Fless', '866942020055048', 'Bateria', 1, '', 2, 2, 3, 0.00, 0.00, 0.00, '2018-03-19 20:58:00', '2018-03-23 00:24:00'),
(265, 248, 7, 1, 4, 'Rm-577', 'Negro', 'ACTUALIZACION DE SOFTWARE', 'Sin Detalle', 'NO SE OBSERVA', 'Bateria', 2, '', 2, 2, 2, 800000.00, 0.00, 800000.00, '2018-03-20 15:12:00', '2018-03-22 22:44:00'),
(266, 249, 7, 1, 57, 'X230', 'Rosado', 'ACTUALIZACION DE SOFTWARE', 'Se Realiza El Trabajo Bajo Riesgo Del Cliente Debido A Que Puede Quedar Apagado O Encender', '354366060754386', 'Bateria', 2, '', 1, 3, 2, 700000.00, 0.00, 700000.00, '2018-03-20 15:20:00', NULL),
(267, 250, 7, 1, 1, 'Gts6802b', 'Blanco', 'ACTUALIZACION DE SOFTWARE', 'Ninguno', '353337050060234', 'Bateria,Sim Card', 1, '', 2, 2, 2, 800000.00, 0.00, 800000.00, '2018-03-20 18:20:00', '2018-03-22 22:44:00'),
(268, 251, 7, 1, 1, 'Gt19100', 'Negro', 'CAMBIO DE PIN DE CARGA', 'Detalle En La Mica. No Enciende', '352166058273403', 'Bateria', 1, '', 2, 2, 3, 1000000.00, 0.00, 1000000.00, '2018-03-21 15:50:00', '2018-03-23 00:24:00'),
(269, 252, 7, 2, 1, 'Tablet', 'Negra', 'CAMBIO DE PIN DE CARGA', 'Revisión De Señal, Se Entrego Apagada ', 'no se observa', 'Ninguno', 1, '', 1, 3, 3, 1000000.00, 0.00, 1000000.00, '2018-03-21 16:04:00', NULL),
(270, 253, 7, 1, 6, '5017a', 'Negro', 'CAMBIO DE TACTIL', 'Sin Detalle, Cambio Tactil', '014379002801670', 'Bateria,Sim Card', 1, '', 2, 2, 3, 3000000.00, 0.00, 3000000.00, '2018-03-21 16:49:00', '2018-03-23 00:24:00'),
(271, 254, 7, 1, 1, 'Gts6792l', 'Blanco', 'MANTENIMIENTO', 'Detalle, No Levanta Señal. Receteo', '358673052216522', 'Bateria,Sim Card', 1, '', 2, 2, 3, 400000.00, 0.00, 400000.00, '2018-03-21 17:12:00', '2018-03-23 00:25:00'),
(272, 255, 7, 1, 1, 'Gt18200l', 'Blanco', 'ACTUALIZACION DE SOFTWARE', 'Bajo Riesgo Del Cliente, Que Se Le Apague O Quede Igual', '352119062607629', 'Bateria', 1, '', 1, 3, 2, 700000.00, 0.00, 700000.00, '2018-03-22 21:05:00', NULL),
(273, 255, 7, 1, 1, 'Gt18200l', 'Blanco', 'ACTUALIZACION DE SOFTWARE', 'Bajo Riesgo Del Cliente, Que Se Apague O Le Quede Igual.', '352119062607629', 'Bateria', 1, '', 1, 3, 2, 700000.00, 0.00, 700000.00, '2018-03-22 21:08:00', NULL),
(274, 44, 7, 1, 7, 'Cm990', 'Blanco', 'CAMBIO DE TACTIL', 'Y Adicional Se Debe Revisar Una Pieza De La Placa Debido A Que No Reconoce Los Tactiles', 'A000000436136B2', 'Bateria', 2, '', 1, 3, 3, 1814000.00, 1386000.00, 3200000.00, '2018-03-22 22:50:00', NULL),
(275, 256, 7, 1, 34, 'Vergatario 4', 'Azul', 'ACTUALIZACION DE SOFTWARE', 'Quedo En Cero Los Códigos Del Telefono', 'A00004EC355', 'Bateria', 2, '', 1, 3, 2, 500000.00, 0.00, 500000.00, '2018-03-23 14:49:00', NULL),
(276, 257, 7, 1, 35, 'C6110', 'Gris-rojo', 'ACTUALIZACION DE SOFTWARE', 'Sin Ningun Detalle', 'A000002EAD0F19', 'Bateria', 1, '', 2, 2, 2, 700000.00, 0.00, 700000.00, '2018-03-23 16:01:00', '2018-03-26 17:09:00'),
(277, 104, 7, 1, 1, 'Gt-i9060c', 'Blanco', 'REPARACION Y MANTENIMIENTO', 'Reparación De La Antena De Señal Debido A Que Le Falla Y A Simple Vista Se Ve Que Fue Tocada, Para H', '358197066686660', 'Bateria', 2, '', 2, 2, 3, 2050000.00, 0.00, 2050000.00, '2018-03-23 17:05:00', '2018-03-26 16:10:00'),
(278, 258, 7, 1, 35, 'Y221', 'Blanco', 'ACTUALIZACION DE SOFTWARE', 'Pin De Carga. Bajo Riesgo Del Cliente, Se Puede Quedar Pegado U Apagado', '865247022052584', 'Bateria', 1, '', 2, 2, 2, 1400000.00, 0.00, 1400000.00, '2018-03-23 19:22:00', '2018-03-26 16:13:00'),
(279, 259, 7, 1, 6, '1588', 'Blanco', 'ACTUALIZACION DE SOFTWARE', 'Descargar Aplicaciones.', '014215003136825', 'Bateria', 1, '', 1, 3, 2, 600000.00, 0.00, 600000.00, '2018-03-24 15:06:00', NULL),
(280, 260, 7, 1, 1, 'S6', 'Verde', 'ACTUALIZACION DE SOFTWARE', 'Se Queda Pegado El Equipo En El Sistema Se Le Realiza El Trabajo Bajo Riesgo Debido A Que Se Puede Q', '35899207630631', 'Bateria', 1, '', 1, 3, 2, 800000.00, 0.00, 800000.00, '2018-03-24 15:33:00', NULL),
(281, 268, 7, 1, 2, 'E450g', 'Negro', 'ACTUALIZACION DE SOFTWARE', 'Bajo Riesgo Del Cliente, Que Se Apague O Quede Igual', '35570805615015', 'Bateria,Forro', 1, '', 1, 3, 2, 700000.00, 0.00, 700000.00, '2018-03-27 16:16:00', NULL),
(282, 269, 7, 1, 6, '983g', 'Negro', 'LIBERACION DE BANDAS', 'Se Recibió Apagado... ', 'NO SE OBSERVA', 'Bateria', 1, '', 1, 3, 2, 700000.00, 0.00, 700000.00, '2018-03-27 17:03:00', NULL),
(283, 270, 7, 1, 10, 'Apex2', 'Negro', 'ACTUALIZACION DE SOFTWARE', 'Sin Detalle..', '862191024980744', 'Bateria', 1, '', 2, 2, 2, 700000.00, 0.00, 700000.00, '2018-03-27 17:09:00', '2018-03-27 23:51:00'),
(284, 271, 7, 1, 1, 'Smg530mu', 'Gris', 'CAMBIO DE PIN DE CARGA', 'Bajo Riesgo Del Cliente, Que Se Le Pueda Partir La Pantalla', '35818806131897', 'Bateria', 1, '', 2, 2, 3, 3000000.00, 0.00, 3000000.00, '2018-03-27 17:20:00', '2018-03-28 17:45:00'),
(285, 272, 7, 1, 2, 'L5676', 'Blano', 'LIBERACION DE BANDAS', 'Sin Detalle...', '089917082402380179', 'Bateria', 1, '', 1, 3, 2, 800000.00, 0.00, 800000.00, '2018-03-27 17:35:00', NULL),
(286, 273, 7, 1, 1, 'Gt56010l', 'Azul', 'ACTUALIZACION DE SOFTWARE', 'Sin Detalle.', '3549570509997652', 'Bateria', 1, '', 2, 2, 2, 800000.00, 0.00, 800000.00, '2018-03-27 18:34:00', '2018-03-27 23:47:00'),
(288, 275, 7, 1, 7, 'Y600', 'Negro', 'CAMBIO PORTA SINCARD', 'Detalle En La Mica.', '353235041278826', 'Bateria', 1, '', 2, 2, 3, 1000000.00, 0.00, 1000000.00, '2018-03-27 23:02:00', '2018-03-28 20:43:00'),
(289, 276, 7, 1, 1, 'Smg570', 'Dorado', 'REPARACION Y MANTENIMIENTO', 'Revision, Porque No Enciende El Equipo', '353420084832610', 'Bateria', 1, '', 1, 3, 3, 0.00, 0.00, 0.00, '2018-03-28 01:40:00', NULL),
(290, 277, 7, 1, 73, 'I32f', 'Blanco Morado', 'REPARACION Y MANTENIMIENTO', 'El Telefono Prende Pero Con Poca Iluminacion, Se Le Va Hacer Un Mantenimiento Para Ver Si Se Recuper', '352744086905350', 'Bateria', 1, '', 2, 2, 3, 1000000.00, 0.00, 1000000.00, '2018-03-28 15:53:00', '2018-03-28 18:31:00'),
(291, 278, 7, 1, 34, 'V8200', 'Azul', 'REPARACION Y MANTENIMIENTO', 'El Teléfono Se Apaga Solo, No Dura Mucho Prendido, Se Va Ha Revisar Las Conexiones Haber, Se Realiza', 'NO SE OBSERVA', 'Bateria', 1, '', 2, 2, 3, 400.00, 0.00, 400.00, '2018-03-28 17:29:00', '2018-04-02 17:01:00'),
(292, 279, 7, 1, 63, 'Jupiter', 'Negro-azul', 'DESBLOQUEO', 'Tiene Una Linea En El Vidrio De La Pantalla', '862860010159394', 'Bateria', 1, '', 1, 3, 2, 400000.00, 0.00, 400000.00, '2018-03-28 17:39:00', NULL),
(293, 280, 7, 1, 1, 'N700', 'Blanco', 'ACTUALIZACION DE SOFTWARE', 'Se Queda En El Logo Detalle En El Protector', 'NO SE OBSERVA', 'Bateria', 1, '', 1, 3, 2, 800000.00, 0.00, 800000.00, '2018-03-28 18:43:00', NULL),
(294, 281, 7, 1, 34, 'V865m', 'Amarillo', 'REVISION', 'Revisar, Enciende Y Se Apaga', '864339010919535', 'Bateria', 1, '', 2, 2, 8, 0.00, 0.00, 0.00, '2018-03-28 20:10:00', '2018-03-28 22:35:00'),
(295, 282, 7, 1, 34, 'S133', 'Rojo Y Gris', 'ACTUALIZACION DE SOFTWARE', 'Sin Detalle...', '1143230200801094', 'Bateria', 1, '', 1, 3, 2, 700000.00, 0.00, 700000.00, '2018-03-28 22:58:00', NULL),
(296, 283, 7, 1, 1, 'Sgh-c425', 'Negro', 'REPARACION Y MANTENIMIENTO', 'Reparacion A Las Conexiones De La Porta Sim Card, Sino Se Levantaron Las Pistas Se Puede Reconstruir', '358135010269233', 'Bateria', 1, '', 3, 2, 8, 1000000.00, 0.00, 1000000.00, '2018-04-02 15:10:00', '2018-04-02 17:03:00'),
(297, 285, 7, 1, 1, 'Sm.g313ml', 'Blanco', 'CAMBIO DE TACTIL', 'Se Cambia El Ltactil Debido A Que Esta Dañada Una Linea Del Que Tiene, Ademas Se Repara El Boton De ', '353921060952892', 'Bateria', 1, '', 1, 3, 3, 3000000.00, 1500000.00, 4500000.00, '2018-04-04 18:39:00', NULL),
(298, 285, 7, 2, 1, 'G313ml', 'Blanco', 'CAMBIO DE TACTIL', 'Cambio De Tactil \r\nReparar Boton De Power Esta Muy Duro', '35391060952892', 'Bateria', 1, '', 1, 3, 3, 450000.00, 0.00, 450000.00, '2018-04-04 18:52:00', NULL),
(299, 269, 7, 1, 6, '983', 'Negro', 'LIBERACION DE BANDAS', 'Sin Tapa ', '013301000023223', 'Bateria', 1, '', 1, 3, 2, 800000.00, 0.00, 800000.00, '2018-04-04 20:51:00', NULL),
(300, 286, 7, 1, 7, 'Huawei Lua-l23', 'Blanco', 'CAMBIO DE PIN DE CARGA', 'Detalle En El Tactil En  La Parte Superior', '869824025869820', 'Bateria', 1, '', 1, 3, 3, 1000000.00, 0.00, 1000000.00, '2018-04-04 21:29:00', NULL),
(301, 288, 7, 1, 2, 'E455g', 'Negro', 'ACTUALIZACION DE SOFTWARE', 'Teléfono A Riesgo Del Cliente , Que No Vuelva A Encender Por Motivo Del Sistema Operativo Dañado. ', '355671052904835', 'Bateria', 1, '', 1, 3, 2, 700000.00, 0.00, 700000.00, '2018-04-05 15:06:00', NULL),
(302, 246, 7, 2, 55, 'Cb10', 'Azzul', 'REVISION', '.', '0000', 'Bateria', 1, '', 1, 3, 2, 0.00, 0.00, 0.00, '2018-04-05 17:11:00', NULL),
(303, 289, 7, 1, 1, '5830', 'Negro-blanco', 'DESBLOQUEO', 'Detalle En La Mica', '352588050323235', 'Bateria', 1, '', 1, 3, 2, 400000.00, 0.00, 400000.00, '2018-04-05 22:38:00', NULL),
(304, 290, 7, 1, 1, 'T599n', 'Blanco', 'CAMBIO DE TACTIL', 'Cambio De Tactil', '354068067031962', 'Bateria', 1, '', 3, 2, 3, 5200000.00, 0.00, 5200000.00, '2018-04-10 15:51:00', '2018-04-24 16:01:00'),
(305, 291, 7, 1, 1, 'I8190', 'Blanco', 'CAMBIO DE MICA', 'Se Realiza El Trabajo Bajo Riesgo De Que Se Pueda Partir La Pantalla Debido A Lo Delicado Del Trabaj', '358815059162213', 'Bateria', 2, '', 2, 2, 3, 4000000.00, 0.00, 4000000.00, '2018-04-10 16:47:00', '2018-04-24 16:01:00'),
(306, 291, 7, 1, 1, 'I9500', 'Azul Oscuro', 'ACTUALIZACION DE SOFTWARE', 'Se Realiza Bajo Riesgo De Que Se Quede Pegado, En Riesgo Y No Prenda O Se Arregle Consciente El Clie', '355799056746215', 'Bateria', 2, '', 2, 2, 2, 800000.00, 0.00, 800000.00, '2018-04-10 16:53:00', '2018-04-22 02:24:00'),
(307, 292, 7, 1, 10, 'Z732', 'Negro', 'CAMBIO DE CORNETA', 'Detalle, Cambio De Boton...', '864767021906457', 'Bateria', 1, '', 2, 2, 3, 2000000.00, 0.00, 2000000.00, '2018-04-10 17:24:00', '2018-04-24 16:01:00'),
(308, 293, 7, 1, 10, 'Blade Apex Ii', 'Negro-blanco', 'CAMBIO DE PIN DE CARGA', 'Detalle En La Mica En La Parte Inferior Izquierda', '862191024830204', 'Bateria', 2, '', 2, 2, 3, 1250000.00, 0.00, 1250000.00, '2018-04-10 21:10:00', '2018-04-24 16:01:00'),
(309, 294, 7, 1, 5, 'Studiog', 'Dorado', 'ACTUALIZACION DE SOFTWARE', 'Sin Detalle..', '355096073131228', 'Bateria', 1, '', 2, 2, 2, 800000.00, 0.00, 800000.00, '2018-04-10 21:46:00', '2018-04-22 02:24:00'),
(310, 295, 7, 1, 10, 'Kis Max Ii', 'Negro', 'CAMBIO DE TACTIL', 'Detalle En El Tactil..', '866526026184702', 'Bateria', 1, '', 2, 2, 3, 4000000.00, 0.00, 4000000.00, '2018-04-10 21:52:00', '2018-04-24 16:01:00'),
(311, 296, 7, 1, 35, 'Y210', 'Negro', 'ACTUALIZACION DE SOFTWARE', 'Detalle En La Mica Tactil', 'A00004969B87E', 'Bateria', 2, '', 2, 2, 2, 800000.00, 0.00, 800000.00, '2018-04-10 22:19:00', '2018-04-22 02:24:00'),
(312, 297, 7, 1, 34, 'V8200', 'Rojo', 'CAMBIO DE TACTIL', 'Cambio Del Tactil Que Esta Completamente Partido 4800000, Adicional Los Botones De Power Y Volumen D', '869162.........', 'Bateria', 2, '', 1, 3, 3, 6000000.00, 0.00, 6000000.00, '2018-04-11 00:32:00', NULL),
(313, 298, 7, 1, 1, 'Gt-e1086l', 'Negro-gris', 'LIBERACION DE BANDAS', 'Sin Detalle', '012318007426648', 'Bateria', 2, '', 2, 2, 2, 500000.00, 0.00, 500000.00, '2018-04-11 16:27:00', '2018-04-22 02:24:00'),
(314, 298, 1, 1, 1, 'Gt-e1086l', 'Negro', 'LIBERACION DE BANDAS', 'Sin Detalle', '012318007426648', 'Bateria,Sim Card', 1, '', 2, 2, 2, 500000.00, 0.00, 500000.00, '2018-04-11 16:31:00', '2018-04-22 02:25:00'),
(315, 299, 1, 1, 1, 'Gt-i8190l', 'Blanco', 'CAMBIO DE PIN DE CARGA', 'Detalle En La Mica En La Parte Inferior Izquierda', 'NO SE OBSERVA', 'Bateria', 2, '', 2, 2, 3, 1300000.00, 0.00, 1300000.00, '2018-04-11 16:46:00', '2018-04-24 16:01:00'),
(316, 300, 7, 1, 34, 'Blade L2', 'Dorado', 'ADAPTACIÓN DE BATERÍA', 'Detalle, Levante De Bateria... Detalle En La Mica', '866592023307178', 'Bateria', 1, '', 3, 2, 3, 800000.00, 0.00, 800000.00, '2018-04-11 17:50:00', '2018-04-26 23:12:00'),
(317, 301, 7, 1, 1, 'S6810', 'Azul', 'CAMBIO DE TACTIL', 'Pila Adaptada De Vetelca', '357135050946667', 'Bateria', 2, '', 2, 2, 3, 2050000.00, 2250000.00, 4300000.00, '2018-04-11 18:02:00', '2018-04-24 16:01:00'),
(318, 302, 7, 1, 5, 'Advance 4.0 L2', 'Negro Y Blanco', 'ACTUALIZACION DE SOFTWARE', 'Detalle En La Mica..', '359012077394700', 'Bateria', 1, '', 2, 3, 2, 800000.00, 0.00, 800000.00, '2018-04-11 18:40:00', NULL),
(319, 303, 7, 1, 10, 'Grand X', 'Negro', 'CAMBIO DE PIN DE CARGA', 'No Sube La Carga Conectado', '868841010457065', 'Bateria', 2, '', 2, 2, 3, 1300000.00, 0.00, 1300000.00, '2018-04-11 22:25:00', '2018-04-24 16:01:00'),
(320, 304, 7, 1, 7, 'Ascend Y530', 'Blanco Y Negro', 'ACTUALIZACION DE SOFTWARE', 'Detalle, Cambio De Tactil.. Software Bajo Riesgo Del Cliente Qe Quede En Negro O Funcione', '352421030066312', 'Bateria', 1, '', 2, 2, 2, 5000000.00, 0.00, 5000000.00, '2018-04-11 22:55:00', '2018-04-22 02:25:00'),
(321, 304, 7, 1, 9, 'Perla', 'Negro', 'MANTENIMIENTO', 'Revisión No Enciende...', 'NO SE OBSERVA', 'Bateria', 1, '', 3, 2, 8, 0.00, 0.00, 0.00, '2018-04-11 22:59:00', '2018-04-24 16:13:00'),
(322, 305, 7, 1, 35, 'Y210', 'Negro', 'ACTUALIZACION DE SOFTWARE', 'Se Realiza El Trabajo Bajo Riesgo De Que El Telefono Se Quede En Negro, Quede Igual O Se Arregle, Co', 'A0000048E611DE', 'Bateria', 2, '', 2, 2, 2, 800000.00, 0.00, 800000.00, '2018-04-12 15:15:00', '2018-04-22 02:25:00'),
(323, 306, 7, 1, 1, 'Gt-i8200', 'Blanco', 'REPARACION Y MANTENIMIENTO', 'Cambio Del Microfono Y Colocar La Pieza Externa De La Camara', '355600065137349', 'Bateria', 2, '', 2, 2, 3, 1400000.00, 0.00, 1400000.00, '2018-04-12 15:39:00', '2018-04-24 16:02:00'),
(324, 307, 7, 1, 7, 'Y511', 'Negro', 'REVISION', 'El Telefono No Enciende, Se Revisara La Placa O El Boton De Power, Haber Si Se Puede Hacer Prender, ', 'NO SE OBSERVA', 'Bateria', 2, '', 3, 2, 8, 0.00, 0.00, 0.00, '2018-04-12 15:58:00', '2018-04-24 16:14:00'),
(325, 308, 7, 1, 1, 'Gt-s7275b', 'Blanco', 'LIBERACION DE BANDAS', 'Sin Detalle, Descargar Whatsapp', '351896060502453', 'Bateria', 2, '', 2, 2, 2, 1000000.00, 0.00, 1000000.00, '2018-04-12 16:33:00', '2018-04-22 02:25:00'),
(326, 309, 7, 1, 1, 'Gt-s7580l', 'Negro', 'ACTUALIZACION DE SOFTWARE', 'Detalle En La Mica ..', '359849052889554', 'Bateria', 1, '', 2, 2, 2, 800000.00, 0.00, 800000.00, '2018-04-12 17:07:00', '2018-04-22 02:25:00'),
(327, 310, 7, 1, 1, 'Gt-i8190l', 'Azul', 'LIBERACION DE BANDAS', 'Sin Detalle', '355258054538843', 'Bateria', 2, '', 2, 2, 2, 800000.00, 0.00, 800000.00, '2018-04-12 17:26:00', '2018-04-22 02:26:00'),
(328, 311, 7, 1, 5, 'Studio 5.5 S', 'Blanco', 'ACTUALIZACION DE SOFTWARE', 'Bajo Riesgo Del Cliente, Que Se Apague O Quede Igual O Funcione..', '354335060111459', 'Bateria', 1, '', 2, 2, 2, 800000.00, 0.00, 800000.00, '2018-04-12 17:44:00', '2018-04-22 02:26:00'),
(329, 313, 7, 1, 7, 'Y511', 'Blanco', 'ACTUALIZACION DE SOFTWARE', 'Sin Detalles', '865685015916481', 'Bateria', 1, '', 2, 2, 2, 900000.00, 0.00, 900000.00, '2018-04-12 19:40:00', '2018-04-22 02:26:00'),
(330, 314, 7, 2, 28, 'Dxg', 'Negro', 'CAMBIO DE PIN DE CARGA', 'Detalle, Pin De Carga..', 'NO SE OBCERBA', 'Bateria', 1, '', 3, 2, 8, 0.00, 0.00, 0.00, '2018-04-12 19:58:00', '2018-04-24 16:14:00'),
(331, 315, 7, 1, 7, 'Myal03', 'Gris', 'DESBLOQUEO', 'Sin Detalle...', '2626500032119611', 'Bateria,Forro', 1, '', 2, 2, 2, 900000.00, 0.00, 900000.00, '2018-04-12 21:24:00', '2018-04-22 02:26:00'),
(332, 316, 7, 1, 1, 'Sm-j500m', 'Negro', 'REVISION', 'El Telefono Fue Mojado Y Presenta Que Se Queda Pegado A Ratos, Se Le Va Ha Realizar Un Baño Quimico,', '356523079943511', 'Bateria', 1, '', 3, 2, 8, 0.00, 0.00, 0.00, '2018-04-16 16:13:00', '2018-04-24 16:14:00'),
(333, 317, 7, 1, 5, 'Advance 4.0', 'Blanco', 'ACTUALIZACION DE SOFTWARE', 'Detalle En El Protector', '359386053208484', 'Bateria', 2, '', 2, 2, 2, 400000.00, 0.00, 400000.00, '2018-04-16 17:29:00', '2018-04-22 02:26:00'),
(334, 318, 7, 1, 38, 'Xl4', 'Negro', 'REVISION', 'El Telefono Prende Pero La Pantalla Queda En Negro, Despues De Que Se Cayo, Se Va Ha Revisar La Pant', '357428070085826', 'Bateria', 2, '', 3, 2, 8, 1500000.00, 0.00, 1500000.00, '2018-04-16 17:36:00', '2018-04-24 16:14:00'),
(335, 319, 7, 1, 10, 'V993w', 'Negro-blanco', 'CAMBIO DE PIN DE CARGA', 'Sin Detalle', '864767026633510', 'Bateria', 2, '', 3, 2, 8, 1500000.00, 0.00, 1500000.00, '2018-04-16 17:42:00', '2018-04-24 16:14:00'),
(336, 320, 7, 1, 91, 'Universal', 'Vinotinto', 'REVISION', 'Soldar Donde Va La Pila, Revisar Antenas De Señal', 'no se observa', 'Bateria', 1, '', 3, 2, 8, 600000.00, 0.00, 600000.00, '2018-04-17 15:44:00', '2018-04-24 16:14:00'),
(337, 321, 7, 1, 1, 'Sch-i545', 'Negro', 'REPARACION Y MANTENIMIENTO', 'Reparación Del Botón De Encendido, El Telefeno No Hace Nada Al Conectar El Cargador, Y Con La Bateri', '990004422426340', 'Bateria', 2, '', 1, 3, 3, 1800000.00, 0.00, 1800000.00, '2018-04-18 16:28:00', NULL),
(338, 322, 7, 2, 1, 'Gt-p1000n', 'Negro', 'CAMBIO PORTA SINCARD', 'Sin Detalle', '355143040982786', 'Bateria', 2, '', 3, 2, 8, 3000000.00, 0.00, 3000000.00, '2018-04-18 16:50:00', '2018-04-24 16:14:00'),
(339, 323, 7, 1, 7, 'Cm990', 'Amarillo-negro', 'CAMBIO DE TACTIL', 'Tactil Partido', 'A00000435DAF54', 'Bateria', 2, '', 2, 2, 3, 6100000.00, 0.00, 6100000.00, '2018-04-18 17:04:00', '2018-04-24 16:02:00'),
(340, 324, 7, 1, 7, 'Ascend G630', 'Blanco', 'MANTENIMIENTO', 'Revisar La Señal, No Agarra, Detalle En La Pantalla', '864296021612339', 'Bateria', 1, '', 2, 2, 2, 900000.00, 0.00, 900000.00, '2018-04-18 17:44:00', '2018-04-22 02:26:00'),
(341, 325, 7, 1, 10, 'Kiss 2 Max', 'Negro', 'ACTUALIZACION DE SOFTWARE', 'Detalle En La Mitad Del Tactil!', '865730028551915', 'Bateria', 1, '', 2, 2, 2, 700000.00, 0.00, 700000.00, '2018-04-18 17:51:00', '2018-04-22 02:26:00'),
(342, 326, 7, 1, 7, 'Y300', 'Blanco', 'ACTUALIZACION DE SOFTWARE', 'Detalle En La Mica..', '864344022720152', 'Bateria', 1, '', 2, 2, 2, 900000.00, 0.00, 900000.00, '2018-04-18 18:00:00', '2018-04-22 02:26:00'),
(343, 327, 7, 1, 1, 'Gte1205l', 'Negro', 'REVISION', 'Se Mojo Y No Enciende..', '359903057939243', 'Bateria', 1, '', 3, 2, 8, 800000.00, 0.00, 800000.00, '2018-04-18 18:30:00', '2018-04-24 16:15:00'),
(344, 327, 7, 1, 73, '324f', 'Morado  Y Blanco', 'REPARACION Y MANTENIMIENTO', 'Revisar Pantalla, Solo Enciende El Teclado', '35502707556229', 'Bateria', 1, '', 3, 2, 8, 1000000.00, 0.00, 1000000.00, '2018-04-18 18:34:00', '2018-04-24 16:15:00'),
(345, 329, 7, 1, 7, 'W1-u34', 'Azul-negro', 'ACTUALIZACION DE SOFTWARE', 'Detalle En El Frente En Varios Lados', '355423040074697', 'Bateria', 2, '', 2, 2, 2, 900000.00, 0.00, 900000.00, '2018-04-18 21:27:00', '2018-04-22 02:26:00'),
(346, 329, 7, 1, 7, 'W1', 'Azul-negro', 'ACTUALIZACION DE SOFTWARE', 'Detalle En El Vidrio En Varios Lados', '355423040074697', 'Bateria', 1, '', 2, 2, 2, 900000.00, 0.00, 900000.00, '2018-04-18 21:30:00', '2018-04-22 02:26:00'),
(347, 330, 7, 1, 1, 'Gt-i9060c', 'Negro', 'LIBERACION DE BANDAS', 'Y Reparacion Del Boton De Bajar Volumen', '358197063243796', 'Bateria', 2, '', 2, 2, 3, 1900000.00, 0.00, 1900000.00, '2018-04-19 15:51:00', '2018-04-24 16:02:00'),
(348, 331, 7, 2, 80, 'Tr10cs1', 'Blanco-negro', 'ACTUALIZACION DE SOFTWARE', 'Detalle En La Parte Izquierda De La Tablet', 'JV2100182H50318614', 'Bateria', 2, '', 2, 2, 2, 1000000.00, 0.00, 1000000.00, '2018-04-19 16:33:00', '2018-04-22 02:27:00'),
(349, 117, 7, 1, 34, 'V865m', 'Negro', 'MANTENIMIENTO', ' Se Recibió Apagado ', '114189041200092', 'Bateria', 1, '', 3, 2, 8, 2500000.00, 0.00, 2500000.00, '2018-04-19 17:27:00', '2018-04-24 16:15:00'),
(350, 332, 7, 1, 1, 'E1205q', 'Negro', 'REVISION', 'No  Lee Chip ', '357054054832775', 'Bateria', 1, '', 3, 2, 8, 800000.00, 0.00, 800000.00, '2018-04-19 17:50:00', '2018-04-26 15:29:00'),
(352, 334, 7, 1, 1, 'Sm-g900h', 'Dorado', 'ACTUALIZACION DE SOFTWARE', 'El Telefono No Permite, Crear La Cuenta Google Porque Se Sale Del Didtema', '3534150677430811', 'Bateria', 2, '', 2, 2, 2, 0.00, 0.00, 0.00, '2018-04-19 19:11:00', '2018-04-22 02:27:00'),
(353, 335, 7, 1, 10, 'Nx406e', 'Rojo-negro', 'CAMBIO DE TACTIL', 'El Tactil Partido', '863396025819010', 'Bateria', 2, '', 2, 2, 3, 9999999.99, 0.00, 9999999.99, '2018-04-19 22:49:00', '2018-04-24 16:02:00'),
(354, 335, 7, 1, 10, 'Nx406e', 'Rojo-negro', 'CAMBIO DE TACTIL', 'El Tactil Partido', '863396025819010', 'Bateria', 2, '', 2, 2, 3, 9999999.99, 0.00, 9999999.99, '2018-04-19 22:51:00', '2018-04-24 16:02:00'),
(355, 336, 7, 1, 84, 'Triton', 'Rojo-negro', 'REVISION', 'La Pantalla No Da Imagen', '359102071524426', 'Bateria', 2, '', 3, 2, 8, 0.00, 0.00, 0.00, '2018-04-19 23:52:00', '2018-04-25 01:03:00'),
(356, 337, 7, 1, 1, 'Gt-i8190', 'Blanco', 'REVISION', 'No Tiene Señal, Sale Buscando Una Red, Revisar El Sistema, La Memoria Es De 4g Y La Sim Card De Movi', '356036057409389', 'Bateria,Memoria SD,Sim Card', 2, '', 2, 2, 2, 0.00, 0.00, 0.00, '2018-04-20 15:22:00', '2018-04-22 02:27:00'),
(357, 338, 7, 1, 6, '1041a', 'Negro', 'REVISION', 'Sin Detalle, Revisar Si Enciende', 'NO SE OBSERVA ', '', 1, '', 3, 2, 8, 0.00, 0.00, 0.00, '2018-04-20 15:40:00', '2018-04-24 16:15:00'),
(358, 339, 7, 2, 35, 'Gran Roraima S7-702u', 'Gris', 'DESBLOQUEO', 'Detalle En La Mica', 'QISS7-702U', 'Bateria', 2, '', 2, 2, 2, 400000.00, 0.00, 400000.00, '2018-04-20 16:30:00', '2018-04-22 02:27:00'),
(359, 340, 7, 1, 35, 'Jaspe', 'Naranja-negro', 'ACTUALIZACION DE SOFTWARE', 'Sin Detalle', '866110020988119', 'Bateria', 2, '', 3, 2, 2, 800000.00, 0.00, 800000.00, '2018-04-20 16:33:00', '2018-04-24 16:02:00'),
(360, 342, 7, 1, 1, 'Gts3650', 'Naranja Y Negro', 'REVISION', 'Detalle, Revisar Si Enciende.. Se Recibió Apagado ', '3585730335655148', 'Bateria', 1, '', 3, 2, 8, 0.00, 0.00, 0.00, '2018-04-20 17:12:00', '2018-04-26 15:29:00'),
(361, 343, 7, 1, 10, 'Victoria Ii', 'Rojo-negro', 'CAMBIO DE TACTIL', 'El Cliente Trae El Repuesto, El Cambio Se Realiza Bao Riesgo De Que Se Parta La Pantalla Por Lo Deli', 'NO SE OBSERVA', 'Bateria', 2, '', 3, 2, 3, 3500000.00, 0.00, 3500000.00, '2018-04-20 17:24:00', '2018-04-24 16:02:00'),
(362, 333, 7, 1, 1, 'Gts5830', 'Blanco', 'CAMBIO DE PIN DE CARGA', 'Detalle En La Pantalla Inferior..', '355271057560946', 'Bateria', 1, '', 2, 2, 3, 2000000.00, 0.00, 2000000.00, '2018-04-20 18:24:00', '2018-05-01 23:36:00'),
(363, 344, 7, 1, 34, 'V769m', 'Azul', 'ACTUALIZACION DE SOFTWARE', 'Bajo Riesgo Del Cliente Que Encienda O Quede Igual O En Negro..', '862867027295996', 'Bateria', 1, '', 2, 2, 2, 1000000.00, 0.00, 1000000.00, '2018-04-20 18:50:00', '2018-04-22 02:27:00'),
(364, 344, 7, 1, 34, 'S133', 'Gris Y Rojo', 'ACTUALIZACION DE SOFTWARE', 'Detalle Cargar Bateria..', 'NO SE OBSERVA', 'Bateria', 1, '', 2, 2, 2, 1000000.00, 0.00, 1000000.00, '2018-04-20 18:53:00', '2018-04-22 02:27:00'),
(365, 345, 7, 2, 55, 'Iconi Tab', 'Negro', 'CAMBIO DE SISTEMA OPERATIVO', 'No Enciende La Table Esta Pegada En El Logo', 'NO POSEE', 'Bateria', 1, '', 2, 2, 2, 3500000.00, 0.00, 3500000.00, '2018-04-20 19:43:00', '2018-04-22 02:27:00'),
(366, 346, 7, 1, 52, 'D205', 'Azul Y Blanco', 'LIBERACION DE BANDAS', 'Sin Detalle..', '356710062440148', 'Bateria', 1, '', 2, 2, 2, 600000.00, 0.00, 600000.00, '2018-04-20 21:55:00', '2018-04-22 02:27:00');
INSERT INTO `reparaciones` (`id`, `ced_id`, `usu_id`, `equipo_id`, `marca_id`, `modelo`, `color`, `servicio`, `detalle_serv`, `imei`, `acce_recb`, `pago_id`, `referencia`, `status_id`, `entrega_id`, `tecnico_id`, `monto_serv`, `monto_repu`, `total`, `created_at`, `update_at`) VALUES
(367, 337, 7, 1, 1, 'Gt1819on', 'Blanco', 'CAMBIO DE PIN DE CARGA', 'Sin Detalle..', '356036057409389', 'Bateria', 1, '', 2, 2, 3, 2000000.00, 0.00, 2000000.00, '2018-04-20 22:23:00', '2018-04-24 16:02:00'),
(368, 347, 7, 1, 5, '5.0 Hd', 'Negro', 'ACTUALIZACION DE SOFTWARE', 'Detalle, Mica Partida', '352257082058751', 'Bateria', 1, '', 2, 2, 2, 1000000.00, 0.00, 1000000.00, '2018-04-21 01:37:00', '2018-04-22 02:27:00'),
(369, 348, 7, 1, 10, 'A611+', 'Negro', 'REVISION', 'Revisar, Pantalla No Enciende', '351924030566323', 'Bateria', 1, '', 3, 2, 8, 0.00, 0.00, 0.00, '2018-04-21 16:34:00', '2018-04-24 16:16:00'),
(370, 349, 7, 1, 34, 'V865m', 'Negro', 'ACTUALIZACION DE SOFTWARE', 'Detalle En La Mica..', '864339012533870', 'Bateria', 1, '', 3, 2, 2, 800000.00, 0.00, 800000.00, '2018-04-21 16:42:00', '2018-04-24 16:02:00'),
(371, 350, 7, 1, 35, 'Y330', 'Negro Y Rojo', 'ACTUALIZACION DE SOFTWARE', 'Sin Detalle..', '8648820257443242', 'Bateria', 1, '', 2, 2, 2, 900000.00, 0.00, 900000.00, '2018-04-21 18:14:00', '2018-04-22 02:27:00'),
(372, 351, 7, 1, 34, 'S133', 'Azul', 'ACTUALIZACION DE SOFTWARE', 'Le Falta El Aro Del Centro', 'A000003762CF87', 'Bateria', 2, '', 3, 2, 2, 900000.00, 0.00, 900000.00, '2018-04-22 02:42:00', '2018-04-26 15:26:00'),
(373, 352, 7, 1, 63, 'Fenix', 'Negro', 'ACTUALIZACION DE SOFTWARE', 'Detalle En La Mica', '351774071219062', 'Bateria', 2, '', 3, 2, 2, 800000.00, 0.00, 800000.00, '2018-04-22 02:46:00', '2018-04-23 20:39:00'),
(374, 353, 7, 1, 1, 'Gt-s5830l', 'Negro-blanco', 'DESCARGA DE APLICACIONES', 'Whatsapp Y Facebook', '356179045168285', 'Bateria', 2, '', 2, 2, 2, 0.00, 0.00, 0.00, '2018-04-22 02:52:00', '2018-04-26 15:15:00'),
(375, 354, 7, 1, 21, 'Net K3', 'Azul-negro', 'ACTUALIZACION DE SOFTWARE', 'Se Queda En El Logo, Se Realiza Bajo Riesgo De Que El Telefono Quede En Negro, Igual O Prenda Normal', '352336060092642', 'Bateria', 2, '', 3, 2, 2, 900000.00, 0.00, 900000.00, '2018-04-22 02:57:00', '2018-05-01 16:06:00'),
(376, 157, 7, 1, 6, '4009s', 'Blanco-negro', 'REPARACIÓN DE LA ANTENA', 'Las Antenas Estan Sueltas Y Dobladas Se Va Ha Repara, Ya Que No Agarra Señal', '358090062155048', 'Bateria', 2, '', 3, 2, 8, 1500000.00, 0.00, 1500000.00, '2018-04-23 15:38:00', '2018-04-24 16:16:00'),
(377, 157, 7, 1, 6, '4009s', 'Blanco-negro', 'REPARACIÓN DE LA ANTENA', 'La Antena Esta Doblada Y Suelta, Por Lo Tanto No Le Agarra Señal', '358090062155048', 'Bateria', 2, '', 3, 2, 8, 1500000.00, 0.00, 1500000.00, '2018-04-23 15:40:00', '2018-04-24 16:16:00'),
(378, 355, 7, 1, 83, 'G31', 'Blanco', 'ACTUALIZACION DE SOFTWARE', 'Se Queda En El Sistema Iniciando', '35974307059272', 'Bateria', 2, '', 2, 2, 2, 1200000.00, 0.00, 1200000.00, '2018-04-23 15:51:00', '2018-04-24 22:59:00'),
(380, 357, 7, 1, 35, 'Y210', 'Negro', 'CAMBIO DE PIN DE CARGA', 'El Telefono Carga Al Maximo Pero No Le Dura Nad Al Acarga', 'A00000436AC21A', 'Bateria', 2, '', 3, 2, 8, 1500000.00, 0.00, 1500000.00, '2018-04-23 16:01:00', '2018-04-24 16:16:00'),
(381, 358, 7, 1, 28, 'Sole C100', 'Gris', 'CAMBIO DE MICROFONO', 'Si Detalle..', '359289070134032', 'Bateria', 1, '', 2, 2, 8, 900000.00, 0.00, 900000.00, '2018-04-23 17:12:00', '2018-04-24 23:00:00'),
(382, 359, 7, 1, 1, 'Gt-e1205q', 'Negro-gris', 'REVISION', 'El Telefono Se Bloquea Solo', '357054055245704', 'Bateria', 2, '', 1, 3, 2, 0.00, 0.00, 0.00, '2018-04-23 18:39:00', NULL),
(383, 360, 7, 1, 7, 'Y321-u151', 'Negro', 'ACTUALIZACION DE SOFTWARE', 'Bajo Riesgo De Que El Telefono Quede En Negro, Igual O Se Arregle, Consciente El Cliente De Las Cons', '355583067640710', 'Bateria', 2, '', 3, 2, 2, 800000.00, 0.00, 800000.00, '2018-04-23 18:44:00', '2018-04-24 22:59:00'),
(384, 361, 7, 1, 7, 'E1552', 'Negro', 'LIBERACION DE BANDAS', 'Es Una Pendrai De Internet, Sin Detalle', '353973040300650', 'Bateria', 2, '', 3, 2, 2, 0.00, 0.00, 0.00, '2018-04-23 18:50:00', '2018-04-24 16:02:00'),
(385, 362, 7, 1, 34, 'Y330', 'Rojo', 'CAMBIO DE PIN DE CARGA', 'No Tiene Boton La Tapa, Cambio De Pin De Carga, Revicion Aprobada Jc.', '864882022502351', 'Bateria', 1, '', 1, 3, 3, 2000000.00, 0.00, 2000000.00, '2018-04-23 20:04:00', NULL),
(386, 363, 7, 1, 7, 'Y7', 'Dorado', 'REVISION', 'Eliminación De Cuenta...', 'no se observa', 'Bateria', 1, '', 3, 2, 2, 2500000.00, 0.00, 2500000.00, '2018-04-23 21:48:00', '2018-04-30 22:37:00'),
(387, 364, 7, 1, 83, 'G31', 'Blanco', 'ACTUALIZACION DE SOFTWARE', 'Sin Detalle', '359173070296803', 'Bateria', 1, '', 2, 2, 2, 1000000.00, 0.00, 1000000.00, '2018-04-23 21:54:00', '2018-04-24 16:02:00'),
(388, 365, 7, 1, 1, 'Gts5312b', 'Negro', 'ACTUALIZACION DE SOFTWARE', 'Sin Detalle..', '3573710551447377', 'Bateria', 1, '', 3, 2, 2, 1500000.00, 0.00, 1500000.00, '2018-04-23 22:00:00', '2018-04-26 15:26:00'),
(389, 366, 7, 1, 10, 'Blade A310', 'Azul Claro', 'CAMBIO DE PIN DE CARGA', 'Sin Detalle..', '861039030323238', 'Bateria', 1, '', 3, 2, 8, 2000000.00, 0.00, 2000000.00, '2018-04-23 23:05:00', '2018-04-24 16:16:00'),
(390, 367, 7, 2, 80, 'Canaima', 'Blanca', 'REVISION', 'Detalle, Revisar Se Apaga Al Desconectar El Cargador..', 'no se obserba', 'Bateria,Forro,Cargador', 1, '', 1, 3, 3, 0.00, 0.00, 0.00, '2018-04-23 23:26:00', NULL),
(391, 368, 7, 1, 35, 'Kavak Y625', 'Negro', 'DESBLOQUEO', 'Sin Detallee..', '866340021160463', 'Bateria', 1, '', 2, 2, 2, 600000.00, 0.00, 600000.00, '2018-04-23 23:44:00', '2018-04-25 00:53:00'),
(392, 369, 7, 1, 1, 'Gts5360', 'Blanco', 'REPARACION Y MANTENIMIENTO', 'Botón De Encendido.. Conector De Tactil', '354352058999225', 'Bateria', 1, '', 3, 2, 3, 0.00, 0.00, 0.00, '2018-04-23 23:52:00', '2018-04-26 23:09:00'),
(393, 370, 7, 1, 34, 'V769m', 'Blanco', 'ACTUALIZACION DE SOFTWARE', 'Detalle En La Mica..', '862867021919617', 'Bateria', 1, '', 3, 2, 2, 1400000.00, 0.00, 1400000.00, '2018-04-24 00:05:00', '2018-04-26 15:27:00'),
(394, 371, 7, 1, 1, 'Gt-i9500', 'Blanco', 'REVISION', 'Telefono Fue Mojado, No Enciende, Se Revisa Bajo Riesgo De Debido A Que El Agua Hace Mucho Daño En L', '35751205980652401', 'Bateria', 2, '', 3, 3, 3, 0.00, 0.00, 0.00, '2018-04-24 16:10:00', NULL),
(395, 149, 7, 1, 28, 'Ok', 'Azul-negro', 'REVISION', 'No Ilumina La Pantalla, Se Va Ha Revisar Las Pistas, El Telefono No Tiene Tapa', '356697071626852', 'Bateria', 2, '', 3, 3, 8, 0.00, 0.00, 0.00, '2018-04-24 16:20:00', NULL),
(396, 372, 7, 1, 7, 'G630', 'Blanco', 'CAMBIO DE TACTIL', 'Y Sotware Con Desbloqueo Con Un Costo De 1.500.000 Incluido En El Precio Final', '864296021733265', 'Bateria', 2, '', 2, 2, 3, 9999999.99, 0.00, 9999999.99, '2018-04-24 17:46:00', '2018-04-26 23:10:00'),
(397, 373, 7, 1, 5, 'Tank 2', 'Rojo Y Negro', 'CAMBIO DE PIN DE CARGA', 'Detalle. Descargado', '357279074029694', 'Bateria', 1, '', 2, 2, 8, 1200000.00, 0.00, 1200000.00, '2018-04-24 22:14:00', '2018-05-02 23:27:00'),
(398, 374, 7, 1, 2, 'D213cj', 'Negro', 'ACTUALIZACION DE SOFTWARE', 'Sin Detalle.', '35796306015008', 'Bateria', 1, '', 3, 2, 2, 1500000.00, 0.00, 1500000.00, '2018-04-25 01:27:00', '2018-04-27 15:55:00'),
(399, 375, 7, 1, 7, 'C2800', 'Gris Claro', 'REPARACION Y MANTENIMIENTO', 'Cambio Del Pin De Bateria', 'CU7NBA1831418389', 'Bateria', 2, '', 2, 2, 8, 1300000.00, 0.00, 1300000.00, '2018-04-25 15:11:00', '2018-04-26 22:48:00'),
(400, 376, 7, 1, 35, 'C6110', 'Rojo.negro', 'ACTUALIZACION DE SOFTWARE', 'Se Queda En El Logo Movilnet, Se Realiza El Trabajo Bajo Riesgo De Que Quede Igual, En Negro O Se Ar', '268435461410579656', 'Bateria', 1, '', 2, 2, 2, 900000.00, 0.00, 900000.00, '2018-04-25 15:18:00', '2018-05-01 15:38:00'),
(401, 377, 7, 1, 2, 'Lg-d150g', 'Negro', 'ACTUALIZACION DE SOFTWARE', 'Bajo Riesgo De Que El Telefono Quede Igual, En Negro Y No Prenda O Se Arregle Consciente El Cliente ', '353932060013957', 'Bateria', 1, '', 3, 2, 2, 1500000.00, 0.00, 1500000.00, '2018-04-25 15:26:00', '2018-04-26 15:25:00'),
(402, 378, 7, 1, 3, 'Xperia', 'Negro', 'REVISION', 'No Enciende, Posiblemente Bateria', 'NO SE OBSERVA', 'Bateria', 1, '', 1, 3, 3, 2000000.00, 0.00, 2000000.00, '2018-04-25 15:30:00', NULL),
(403, 379, 7, 1, 1, 'Gt-i9195l', 'Blanco', 'ACTUALIZACION DE SOFTWARE', 'El Telefono Prende Hasta El Segundo Logo Claro Y Se Apaga Lo Mismo Hace Con La Fuente, El Trabajo Se', '357957052331709', 'Bateria', 1, '', 2, 2, 2, 1500000.00, 0.00, 1500000.00, '2018-04-25 15:54:00', '2018-04-26 15:25:00'),
(404, 380, 7, 1, 6, '217a', 'Rojo-negro', 'LIBERACION DE BANDAS', 'Sin Detalle', '012808003836410', 'Bateria', 1, '', 2, 2, 2, 800000.00, 0.00, 800000.00, '2018-04-25 15:58:00', '2018-04-26 15:15:00'),
(405, 381, 7, 1, 83, 'G31', 'Negro Y Azul', 'ACTUALIZACION DE SOFTWARE', 'Sin Detalle..', '3597430704955173', 'Bateria,Memoria SD', 1, '', 2, 2, 2, 500000.00, 0.00, 500000.00, '2018-04-25 17:20:00', '2018-04-26 15:27:00'),
(406, 382, 7, 1, 5, 'Vivo 5 Mini', 'Gris', 'ACTUALIZACION DE SOFTWARE', 'Sin Detalle..', '355928081608005', 'Bateria', 1, '', 2, 2, 2, 800000.00, 0.00, 800000.00, '2018-04-25 17:26:00', '2018-05-01 18:47:00'),
(407, 383, 7, 1, 1, 'Sm J100mu', 'Negro', 'LIBERACION DE BANDAS', 'Sin Detalle', '35894306428077801', 'Bateria', 1, '', 3, 2, 2, 2000000.00, 0.00, 2000000.00, '2018-04-25 18:06:00', '2018-04-26 22:50:00'),
(408, 384, 7, 1, 1, 'Gt1200l', 'Blanco', 'MANTENIMIENTO', 'Cambio De Placa.. Tapa Trasera Partida ', '352119063467452', 'Bateria', 1, '', 3, 2, 3, 0.00, 0.00, 0.00, '2018-04-25 19:39:00', '2018-04-27 15:45:00'),
(409, 385, 7, 1, 34, 'R144c', 'Rojo', 'ACTUALIZACION DE SOFTWARE', 'Se Queda Pegado En Movilnet', 'A000004E86DF42', 'Bateria', 1, '', 1, 2, 2, 1500000.00, 0.00, 1500000.00, '2018-04-25 20:10:00', '2018-06-06 23:23:00'),
(410, 386, 7, 1, 65, 'S898t', 'Dorado', 'CAMBIO DE MICROFONO', 'Actualizacion De Sotfware En 1.500.000 Y El Cambio De Microfono En 2.500.000', '5L19A466IP', 'Bateria', 2, '', 1, 3, 8, 4000000.00, 0.00, 4000000.00, '2018-04-26 15:55:00', NULL),
(411, 388, 7, 1, 2, 'M150', 'Negro', 'DESBLOQUEO', 'Sin Detalle', '354063087602678', 'Bateria', 1, '', 3, 2, 2, 0.00, 0.00, 0.00, '2018-04-26 22:41:00', '2018-04-30 23:37:00'),
(412, 388, 7, 1, 2, 'M150', 'Negro', 'DESBLOQUEO', 'Sin Detalle', '354063087602678', 'Bateria', 1, '', 2, 2, 2, 0.00, 0.00, 0.00, '2018-04-26 22:43:00', '2018-04-27 00:21:00'),
(413, 389, 7, 1, 10, 'Z432', 'Negro', 'REVISION', 'El Telefono Esta En Corto Y No Prende, Se Va Hacer Un Mantenimiento A La Placa Para Ver Si Se Puede ', '864767021546840', 'Bateria', 2, '', 3, 2, 8, 0.00, 0.00, 0.00, '2018-04-27 15:38:00', '2018-04-28 17:34:00'),
(414, 390, 7, 1, 7, 'U8655-51', 'Negro', 'LIBERACION DE BANDAS', 'Detalle En El Tactil A Gran Escala', '861894010679110', 'Bateria', 2, '', 3, 2, 2, 1000000.00, 0.00, 1000000.00, '2018-04-27 16:01:00', '2018-05-07 15:52:00'),
(415, 391, 7, 1, 10, 'R239', 'Negro', 'DESBLOQUEO', 'No Tiene Tapa', '355278043557142', 'Bateria', 2, '', 2, 2, 2, 600000.00, 0.00, 600000.00, '2018-04-27 16:16:00', '2018-05-03 16:29:00'),
(416, 392, 7, 1, 7, 'Cm295', 'Negro', 'MANTENIMIENTO', 'Al Teclado', 'A0000042BF4954', 'Bateria', 2, '', 2, 2, 8, 600000.00, 0.00, 600000.00, '2018-04-27 16:40:00', '2018-04-28 17:34:00'),
(417, 393, 7, 1, 21, 'K4gold', 'Azul-negro', 'REPARACION Y MANTENIMIENTO', 'A Los Botones De Volumen', '351493080020994', 'Bateria', 2, '', 3, 2, 3, 1500000.00, 0.00, 1500000.00, '2018-04-27 16:44:00', '2018-04-28 17:35:00'),
(418, 394, 7, 1, 12, 'Xt1750', 'Negro', 'DESBLOQUEO', 'Sin Detalle..', '353313082700857', 'Bateria', 1, '', 2, 2, 2, 2000000.00, 0.00, 2000000.00, '2018-04-27 17:03:00', '2018-04-28 17:29:00'),
(419, 395, 7, 1, 7, 'Y530', 'Blanco-negro', 'REPARACION Y MANTENIMIENTO', 'Al Boton De Power', '352421033511504', 'Bateria', 2, '', 2, 2, 8, 1500000.00, 0.00, 1500000.00, '2018-04-27 17:20:00', '2018-04-28 17:34:00'),
(420, 396, 7, 1, 28, 'Telego V808', 'Negro', 'MANTENIMIENTO', 'Mantenimiento Teclado, Revisar Pantalla Se Queda En Blanco..', '355802045289659', 'Bateria', 1, '', 2, 2, 8, 1600000.00, 0.00, 1600000.00, '2018-04-27 18:38:00', '2018-04-28 17:34:00'),
(421, 397, 7, 1, 66, 'A35c Lite', 'Negro Y Blanco', 'ACTUALIZACION DE SOFTWARE', 'Sin Detalle..', '3594410069174152', 'Bateria', 1, '', 3, 2, 2, 1500000.00, 0.00, 1500000.00, '2018-04-27 22:47:00', '2018-04-30 23:37:00'),
(422, 398, 7, 1, 10, 'Blade Apex2', 'Negro', 'ACTUALIZACION DE SOFTWARE', 'No Enciende..', '862191024969168', 'Bateria', 1, '', 2, 2, 2, 2000000.00, 0.00, 2000000.00, '2018-04-27 22:56:00', '2018-04-28 17:30:00'),
(423, 399, 7, 1, 52, 'D205', 'Verde Y Blanco', 'REPARACION Y MANTENIMIENTO', 'Cambio De Puerto De Sim Card..', '356710061967240', 'Bateria', 1, '', 2, 2, 3, 1800000.00, 0.00, 1800000.00, '2018-04-27 23:02:00', '2018-05-07 16:23:00'),
(424, 400, 7, 1, 83, 'G31', 'Negro', 'ACTUALIZACION DE SOFTWARE', 'Sin Detalle..', '359743070018264', 'Bateria', 1, '', 2, 2, 2, 2000000.00, 0.00, 2000000.00, '2018-04-27 23:07:00', '2018-04-28 17:29:00'),
(425, 401, 7, 1, 34, 'V791', 'Blanco', 'LIBERACION DE BANDAS', 'Detalle En La Mica..', '867525018742540', 'Bateria', 1, '', 2, 2, 2, 1200000.00, 0.00, 1200000.00, '2018-04-27 23:27:00', '2018-04-28 17:28:00'),
(426, 402, 7, 1, 1, 'I9300', 'Azul', 'REPARACION Y MANTENIMIENTO', 'Al Boton De Power Ya Que El Equipo Se Prende Y Se Apaga Solo', 'NO SE OBSERVA', 'Bateria', 1, '', 2, 2, 3, 2000000.00, 0.00, 2000000.00, '2018-04-30 16:05:00', '2018-04-30 23:40:00'),
(427, 403, 7, 1, 7, 'Y550', 'Negro', 'REVISION', 'El Glass Partido', '865172022560024', 'Bateria', 1, '', 3, 2, 2, 500000.00, 0.00, 500000.00, '2018-04-30 16:10:00', '2018-04-30 23:37:00'),
(428, 404, 7, 1, 34, 'V865', 'Negro', 'ACTUALIZACION DE SOFTWARE', 'Liberacion, Aplicaciones', '864339013286833', 'Bateria', 2, '', 2, 2, 2, 2000000.00, 0.00, 2000000.00, '2018-04-30 16:15:00', '2018-05-01 01:29:00'),
(429, 405, 7, 1, 28, 'N302', 'Blanco', 'REPARACION Y MANTENIMIENTO', 'El Telefono Ilumina Las Teclas Pero La Pantalla Permanece En Negro', '357665021199114', 'Bateria', 2, '', 2, 2, 8, 1800000.00, 0.00, 1800000.00, '2018-04-30 16:52:00', '2018-05-15 21:58:00'),
(430, 406, 7, 1, 7, 'Y600', 'Blanco', 'CAMBIO DE PIN DE CARGA', 'Cambio De Pin De Carga En 2.000.000 Y Luego El Sotfware En 1.500.000', '353235043189112', 'Bateria', 2, '', 2, 2, 8, 3500000.00, 0.00, 3500000.00, '2018-04-30 16:56:00', '2018-05-15 21:58:00'),
(431, 407, 7, 1, 2, 'D213cj', 'Negro', 'ACTUALIZACION DE SOFTWARE', 'Memoria Llena. ', '354963060022499', 'Bateria', 1, '', 2, 2, 2, 1500000.00, 0.00, 1500000.00, '2018-04-30 17:00:00', '2018-05-01 01:29:00'),
(432, 408, 7, 1, 28, 'Spex (f1)', 'Blanco', 'REPARACION Y MANTENIMIENTO', 'Mantenimiento A Las Tecla, No Se Apaga Solo Se Queda Pegado', '358538040178730', 'Bateria', 1, '', 2, 2, 8, 1500000.00, 0.00, 1500000.00, '2018-04-30 17:05:00', '2018-05-07 15:52:00'),
(433, 409, 7, 1, 6, '4033a', 'Blanco-negro', 'ACTUALIZACION DE SOFTWARE', 'Prende En Blanco La Pantalla Y Se Apaga, Se Hace El Trabajo Bajo Riesgo De Que Se Pueda Apagar', '01488005371867', 'Bateria', 2, '', 3, 2, 2, 1500000.00, 0.00, 1500000.00, '2018-04-30 17:13:00', '2018-05-02 20:07:00'),
(434, 410, 7, 1, 7, 'Y321-u051', 'Blanco', 'ACTUALIZACION DE SOFTWARE', 'Detlle En La Esquina De Arriba Lado Izquierdo', '861355011676356', 'Bateria', 2, '', 2, 2, 2, 1000000.00, 0.00, 1000000.00, '2018-04-30 17:56:00', '2018-05-02 20:21:00'),
(435, 411, 7, 2, 10, 'Kis Ii Mas', 'Negro', 'ACTUALIZACION DE SOFTWARE', 'Se Queda En El Logo Zte', 'NO SE OBSERVA', 'Bateria', 2, '', 3, 2, 2, 1500000.00, 0.00, 1500000.00, '2018-04-30 18:03:00', '2018-05-02 20:41:00'),
(436, 412, 7, 1, 34, 'V865', 'Negro', 'ACTUALIZACION DE SOFTWARE', 'Sin Detalle', '864339013237380', 'Bateria', 1, '', 2, 2, 2, 1500000.00, 0.00, 1500000.00, '2018-04-30 22:24:00', '2018-05-01 01:28:00'),
(437, 413, 7, 1, 10, 'Kiss Ii Mas', 'Negro', 'ACTUALIZACION DE SOFTWARE', 'Bajo Riesgo De Que De Apague El Telefono, Quede Igual O Encienda Normal Consciente El Cliente De Las', '866526026766490', 'Bateria', 2, '', 2, 2, 2, 1500000.00, 0.00, 1500000.00, '2018-04-30 22:28:00', '2018-05-01 01:28:00'),
(438, 306, 7, 1, 34, 'Blade L2', 'Dorado', 'CAMBIO DE TACTIL', 'Tiene Varios Puntos Claros La Pantalla. El Cambio De Tactil Es 11.000.000', '866592021945570', 'Bateria', 2, '', 2, 2, 3, 9999999.99, 0.00, 9999999.99, '2018-04-30 22:55:00', '2018-05-01 18:48:00'),
(439, 306, 7, 1, 1, 'I8200', 'Blanco', 'CAMBIO DE PIN DE CARGA', 'Detalle En El Orillo Superior Izquierdp', '355600065137349', 'Bateria', 2, '', 2, 2, 3, 2000000.00, 0.00, 2000000.00, '2018-04-30 22:58:00', '2018-05-01 18:48:00'),
(440, 414, 7, 1, 25, 'A1332', 'Negro', 'REVISION', 'Levante De Bateria, Se Apago No Enciende', '579CE2380A', 'Bateria', 2, '', 1, 3, 3, 2000000.00, 0.00, 2000000.00, '2018-04-30 23:30:00', NULL),
(441, 219, 7, 1, 7, 'G630', 'Blanco', 'ACTUALIZACION DE SOFTWARE', 'No Enciende Pegado En El Logo ', '8642966021589931', 'Bateria', 1, '', 3, 2, 2, 1500000.00, 0.00, 1500000.00, '2018-05-01 01:08:00', '2018-05-02 20:47:00'),
(442, 415, 7, 1, 78, '2015', 'Azul', 'CAMBIO DE PIN DE CARGA', 'Sin Detalle..', 'no se observa ', 'Ninguno', 1, '', 2, 2, 3, 0.00, 0.00, 0.00, '2018-05-01 15:14:00', '2018-05-01 19:49:00'),
(443, 416, 7, 1, 10, 'Blade L110', 'Negro', 'ELIMINACION CUENTA GOOGLE', 'Detalle, Crear Cuenta Google', '863931036432781', 'Bateria', 1, '', 2, 2, 2, 2000000.00, 0.00, 2000000.00, '2018-05-01 16:17:00', '2018-05-02 20:06:00'),
(444, 417, 7, 1, 1, 'Gt-i9190', 'Morado', 'REPARACION Y MANTENIMIENTO', 'El Teléfono No Enciende, Presenta Un Consumo En La Fuente, De Hacerlo Encender Se Cobrara El Servici', '359904056591977', 'Bateria', 2, '', 3, 2, 8, 6000000.00, 0.00, 6000000.00, '2018-05-01 17:19:00', '2018-05-02 20:41:00'),
(445, 418, 7, 1, 7, 'Ascend Y200', 'Negro', 'MANTENIMIENTO', 'Detalle, Reseteo  Y Descarga De Wspp..', '861895017957235', 'Bateria', 1, '', 3, 2, 2, 500000.00, 0.00, 500000.00, '2018-05-01 17:23:00', '2018-05-15 21:56:00'),
(446, 419, 7, 2, 35, 'Gran Roraima', 'Gris', 'MANTENIMIENTO', 'Levante De Batería..', 'NO SE OBSERBA', 'Bateria', 1, '', 2, 3, 8, 2000000.00, 0.00, 2000000.00, '2018-05-01 17:36:00', NULL),
(447, 382, 7, 1, 35, 'Y330', 'Rojo', 'ACTUALIZACION DE SOFTWARE', 'Detalle, Arreglar Botón De Encendido', '864882021908823', 'Bateria', 1, '', 1, 3, 2, 3500000.00, 0.00, 3500000.00, '2018-05-01 18:00:00', NULL),
(448, 420, 7, 1, 10, 'Blade L2', 'Dorado', 'ACTUALIZACION DE SOFTWARE', 'Y Descargar El Whatsapp', '866592023991945', 'Bateria', 2, '', 2, 2, 2, 1500000.00, 0.00, 1500000.00, '2018-05-01 18:39:00', '2018-05-01 20:21:00'),
(449, 421, 7, 1, 10, 'Blade L5', 'Negro', 'REPARACION BOTON DE POWER', 'Detalle, Botón De Encendido', '869050021972281', 'Bateria', 1, '', 2, 2, 8, 2500000.00, 0.00, 2500000.00, '2018-05-01 20:40:00', '2018-05-01 23:38:00'),
(450, 422, 7, 1, 1, 'Sm-j200m', 'Negro', 'ELIMINACION CUENTA GOOGLE', 'Sin Detalle', '355020071194202', 'Bateria', 2, '', 2, 2, 2, 3000000.00, 0.00, 3000000.00, '2018-05-02 15:35:00', '2018-05-15 21:57:00'),
(451, 423, 7, 1, 38, 'X4m', 'Negro', 'LIBERACION DE BANDAS', 'Sin Detalle..', '359854080358887', 'Bateria,Sim Card', 1, '', 1, 3, 2, 1000000.00, 0.00, 1000000.00, '2018-05-02 20:47:00', NULL),
(452, 2, 1, 1, 1, 'I9300', 'Blanco', 'REPARACION Y MANTENIMIENTO', 'El Telefono Llego Apagado ', '355254061866897', 'Ninguno', 2, '', 1, 3, 3, 9999999.99, 3400.00, 9999999.99, '2018-07-10 16:53:00', NULL),
(453, 58, 7, 1, 55, 'S133', 'Negro', 'REVISION', 'Oifdbfebfrefbih', 'NO SE OBSERVA', 'Bateria', 1, '', 2, 3, 2, 600000.00, 0.00, 600000.00, '2018-07-26 22:04:00', NULL);

-- --------------------------------------------------------

--
-- Estructura de tabla para la tabla `repuesto`
--

CREATE TABLE `repuesto` (
  `id` int(11) NOT NULL,
  `cod_pro_id` varchar(20) NOT NULL,
  `reparacion_id` int(11) NOT NULL
) ENGINE=InnoDB DEFAULT CHARSET=latin1;

--
-- Volcado de datos para la tabla `repuesto`
--

INSERT INTO `repuesto` (`id`, `cod_pro_id`, `reparacion_id`) VALUES
(1, 'TAZT865', 120),
(2, 'TAHSAG355', 129),
(3, 'TAZTBL2', 135),
(4, 'miun', 157),
(5, 'TAHUY511', 177),
(6, 'TAHU990', 274),
(7, 'TASAG313', 297),
(8, 'TASA6810', 317),
(9, 'BAZTKIII', 452);

-- --------------------------------------------------------

--
-- Estructura de tabla para la tabla `servicio`
--

CREATE TABLE `servicio` (
  `id` int(11) NOT NULL,
  `servicio` varchar(80) NOT NULL
) ENGINE=InnoDB DEFAULT CHARSET=latin1;

--
-- Volcado de datos para la tabla `servicio`
--

INSERT INTO `servicio` (`id`, `servicio`) VALUES
(1, 'REPARACION Y MANTENIMIENTO'),
(2, 'DESCARGA DE APLICACIONES'),
(3, 'ACTUALIZACION DE SOFTWARE'),
(4, 'LIBERACION DE BANDAS'),
(5, 'DESBLOQUEO'),
(7, 'CAMBIO DE PIN DE CARGA'),
(8, 'CAMBIO DE TACTIL'),
(9, 'CAMBIO DE SISTEMA OPERATIVO'),
(10, 'MANTENIMIENTO'),
(11, 'ELIMINACION CUENTA GOOGLE'),
(13, 'CAMBIO DE LCD'),
(17, 'CAMBIO PORTA SINCARD'),
(18, 'CAMBIO DE MICA'),
(19, 'CAMBIO DE CORNETA'),
(20, 'CAMBIO DE MICROFONO'),
(21, 'ADAPTACIÓN DE BATERÍA'),
(22, 'REPARACIÓN DE LA ANTENA'),
(23, 'REVISION'),
(24, 'REPARACION BOTON DE POWER');

-- --------------------------------------------------------

--
-- Estructura de tabla para la tabla `status`
--

CREATE TABLE `status` (
  `id` int(11) NOT NULL,
  `status` varchar(20) NOT NULL
) ENGINE=InnoDB DEFAULT CHARSET=latin1;

--
-- Volcado de datos para la tabla `status`
--

INSERT INTO `status` (`id`, `status`) VALUES
(1, 'En Reparacion'),
(2, 'Reparado'),
(3, 'Sin Arreglo');

-- --------------------------------------------------------

--
-- Estructura de tabla para la tabla `tbl_usuarios`
--

CREATE TABLE `tbl_usuarios` (
  `id` int(11) NOT NULL,
  `nombre` varchar(100) NOT NULL,
  `apellido` varchar(100) DEFAULT NULL,
  `email` varchar(100) NOT NULL,
  `password` varchar(100) NOT NULL,
  `direccion` varchar(100) NOT NULL,
  `telefono` varchar(12) DEFAULT NULL,
  `cargo_id` int(2) NOT NULL,
  `status` int(2) NOT NULL,
  `created_at` datetime DEFAULT NULL,
  `update_at` datetime DEFAULT NULL
) ENGINE=InnoDB DEFAULT CHARSET=latin1;

--
-- Volcado de datos para la tabla `tbl_usuarios`
--

INSERT INTO `tbl_usuarios` (`id`, `nombre`, `apellido`, `email`, `password`, `direccion`, `telefono`, `cargo_id`, `status`, `created_at`, `update_at`) VALUES
(1, 'Administrador', '', 'admin@email.com', '202cb962ac59075b964b07152d234b70', 'El Piñal', '0000-00000', 1, 1, NULL, NULL),
(2, 'Jose ', 'Promera', 'JOSE@TECNOMOVIL.COM', '81dc9bdb52d04dc20036dbd8313ed055', 'El Piñal', '0424-7402375', 2, 1, '2018-01-31 00:24:00', '2018-01-31 00:24:00'),
(3, 'Joel ', 'Vivas', 'JOEL@TECNOMOVIL.COM', '81dc9bdb52d04dc20036dbd8313ed055', 'El Piñal', '0424-8544105', 2, 1, '2018-01-31 00:25:00', '2018-01-31 00:25:00'),
(7, 'Ventas', 'Ventas', 'VENTAS@TECNOMOVIL.COM', '81dc9bdb52d04dc20036dbd8313ed055', 'El Piñal', '0277-2347302', 3, 1, '2014-03-24 16:26:00', '2014-03-24 16:26:00'),
(8, 'Juan Jose', 'Ramirez Vivas', 'JUANJOSE@TECNOMOVIL.COM', '202cb962ac59075b964b07152d234b70', 'Naranjales', '0416-8976526', 2, 1, '2018-03-28 16:20:00', '2018-03-28 16:22:00'),
(10, 'Juan Carlos', 'Leon', 'JUANCARLOS@TECNOMOVIL.COM', '202cb962ac59075b964b07152d234b70', 'El Piñal', '0424-7668877', 2, 1, '2018-04-26 22:58:00', '2018-05-02 15:53:00');

-- --------------------------------------------------------

--
-- Estructura de tabla para la tabla `tipo_pago`
--

CREATE TABLE `tipo_pago` (
  `id` int(11) NOT NULL,
  `pago` varchar(50) NOT NULL
) ENGINE=InnoDB DEFAULT CHARSET=latin1;

--
-- Volcado de datos para la tabla `tipo_pago`
--

INSERT INTO `tipo_pago` (`id`, `pago`) VALUES
(1, 'EFECTIVO'),
(2, 'TARJETA DE DEBIDO / TARJETA DE CREDITO'),
(3, 'TRANSFERENCIA');

-- --------------------------------------------------------

--
-- Estructura de tabla para la tabla `venta`
--

CREATE TABLE `venta` (
  `id` int(11) NOT NULL,
  `ced_id` int(10) NOT NULL,
  `usu_id` int(11) NOT NULL,
  `pago_id` int(11) NOT NULL,
  `referencia` varchar(50) DEFAULT NULL,
  `iva` double(9,2) NOT NULL,
  `big` double(9,2) NOT NULL,
  `total` double(9,2) NOT NULL,
  `created_at` datetime NOT NULL
) ENGINE=InnoDB DEFAULT CHARSET=latin1;

--
-- Volcado de datos para la tabla `venta`
--

INSERT INTO `venta` (`id`, `ced_id`, `usu_id`, `pago_id`, `referencia`, `iva`, `big`, `total`, `created_at`) VALUES
(1, 2, 1, 1, '', 5892.86, 49107.14, 55000.00, '2018-01-31 22:32:00'),
(2, 2, 1, 3, '200885621', 64285.71, 535714.29, 600000.00, '2018-02-01 22:46:00'),
(41, 58, 7, 1, '', 32142.86, 267857.14, 300000.00, '2018-02-22 09:47:00'),
(42, 58, 7, 1, '', 53571.43, 446428.57, 500000.00, '2018-02-22 09:48:00'),
(43, 58, 7, 1, '', 42857.14, 357142.86, 400000.00, '2018-02-22 10:19:00'),
(44, 58, 7, 1, '', 42857.14, 357142.86, 400000.00, '2018-02-26 21:17:00'),
(45, 58, 7, 1, '', 64285.71, 535714.29, 600000.00, '2018-02-26 21:30:00'),
(46, 58, 7, 1, '', 139285.71, 1160714.29, 1300000.00, '2018-02-26 22:10:00'),
(47, 58, 7, 1, '', 42857.14, 357142.86, 400000.00, '2018-02-26 22:15:00'),
(48, 58, 7, 1, '', 42857.14, 357142.86, 400000.00, '2018-02-26 22:18:00'),
(49, 2, 7, 1, '', 51428.57, 428571.43, 480000.00, '2018-02-27 23:12:00'),
(50, 2, 7, 1, '', 53571.43, 446428.57, 500000.00, '2018-02-27 23:13:00'),
(51, 58, 7, 1, '', 42857.14, 357142.86, 400000.00, '2018-02-27 23:59:00'),
(52, 58, 7, 1, '', 51428.57, 428571.43, 480000.00, '2018-02-28 15:30:00'),
(53, 137, 7, 2, '', 53571.43, 446428.57, 500000.00, '2018-02-28 16:48:00'),
(54, 58, 7, 1, '', 25714.29, 214285.71, 240000.00, '2018-03-01 15:36:00'),
(55, 58, 7, 1, '', 32142.86, 267857.14, 300000.00, '2018-03-01 23:39:00'),
(56, 58, 7, 1, '', 56571.43, 471428.57, 528000.00, '2018-03-07 15:29:00'),
(57, 58, 7, 1, '', 99000.00, 825000.00, 924000.00, '2018-03-07 15:42:00'),
(58, 58, 7, 1, '', 94285.71, 785714.29, 880000.00, '2018-03-07 16:21:00'),
(59, 58, 7, 1, '', 212142.86, 1767857.14, 1980000.00, '2018-03-07 16:40:00'),
(60, 58, 7, 1, '', 56571.43, 471428.57, 528000.00, '2018-03-07 16:45:00'),
(61, 58, 7, 1, '', 153214.29, 1276785.71, 1430000.00, '2018-03-07 16:48:00'),
(62, 58, 7, 1, '', 193285.71, 1610714.29, 1804000.00, '2018-03-07 16:49:00'),
(63, 58, 7, 1, '', 141428.57, 1178571.43, 1320000.00, '2018-03-07 16:49:00'),
(64, 58, 7, 1, '', 56571.43, 471428.57, 528000.00, '2018-03-07 16:51:00'),
(65, 58, 7, 1, '', 56571.43, 471428.57, 528000.00, '2018-03-07 16:52:00'),
(66, 58, 7, 1, '', 96642.86, 805357.14, 902000.00, '2018-03-07 16:53:00'),
(67, 58, 7, 1, '', 169714.29, 1414285.71, 1584000.00, '2018-03-07 16:54:00'),
(68, 58, 7, 1, '', 47142.86, 392857.14, 440000.00, '2018-03-07 16:59:00'),
(69, 58, 7, 1, '', 94285.71, 785714.29, 880000.00, '2018-03-07 17:15:00'),
(70, 58, 7, 1, '', 47142.86, 392857.14, 440000.00, '2018-03-07 17:18:00'),
(71, 58, 7, 1, '', 94285.71, 785714.29, 880000.00, '2018-03-07 17:24:00'),
(72, 58, 7, 1, '', 47142.86, 392857.14, 440000.00, '2018-03-07 17:26:00'),
(73, 58, 7, 1, '', 47142.86, 392857.14, 440000.00, '2018-03-07 17:27:00'),
(74, 58, 7, 1, '', 47142.86, 392857.14, 440000.00, '2018-03-07 17:58:00'),
(75, 190, 7, 2, '', 42857.14, 357142.86, 400000.00, '2018-03-07 22:09:00'),
(76, 58, 7, 1, '', 99000.00, 825000.00, 924000.00, '2018-03-08 16:46:00'),
(77, 58, 7, 1, '', 56571.43, 471428.57, 528000.00, '2018-03-08 17:06:00'),
(78, 58, 7, 1, '', 47142.86, 392857.14, 440000.00, '2018-03-12 22:55:00'),
(79, 58, 7, 1, '', 180000.00, 1500000.00, 1680000.00, '2018-03-12 22:58:00'),
(80, 58, 7, 1, '', 56571.43, 471428.57, 528000.00, '2018-03-13 15:12:00'),
(81, 58, 7, 1, '', 90000.00, 750000.00, 840000.00, '2018-03-13 15:14:00'),
(82, 58, 7, 1, '', 47142.86, 392857.14, 440000.00, '2018-03-13 16:16:00'),
(83, 58, 7, 1, '', 77785.71, 648214.29, 726000.00, '2018-03-13 22:49:00'),
(84, 58, 7, 1, '', 81428.57, 678571.43, 760000.00, '2018-03-14 14:03:00'),
(85, 2, 7, 1, '', 239721.43, 1997678.57, 2237400.00, '2018-03-15 15:19:00'),
(86, 58, 7, 1, '', 152742.86, 1272857.14, 1425600.00, '2018-03-15 15:20:00'),
(87, 2, 7, 1, '', 282857.14, 2357142.86, 2640000.00, '2018-03-15 15:50:00'),
(88, 2, 7, 1, '', 28285.71, 235714.29, 264000.00, '2018-03-15 16:06:00'),
(89, 237, 7, 2, '', 141428.57, 1178571.43, 1320000.00, '2018-03-15 16:11:00'),
(90, 237, 7, 2, '', 141428.57, 1178571.43, 1320000.00, '2018-03-15 16:12:00'),
(91, 2, 7, 2, '', 146571.43, 1221428.57, 1368000.00, '2018-03-15 17:00:00'),
(92, 58, 7, 1, '', 18857.14, 157142.86, 176000.00, '2018-03-15 23:53:00'),
(93, 58, 7, 1, '', 70714.29, 589285.71, 660000.00, '2018-03-19 21:55:00'),
(94, 58, 7, 1, '', 28285.71, 235714.29, 264000.00, '2018-03-19 21:57:00'),
(95, 58, 7, 1, '', 540000.00, 4500000.00, 5040000.00, '2018-03-21 15:31:00'),
(96, 58, 7, 1, '', 101250.00, 843750.00, 945000.00, '2018-03-21 16:11:00'),
(97, 58, 7, 1, '', 123750.00, 1031250.00, 1155000.00, '2018-03-22 23:07:00'),
(98, 58, 7, 1, '', 56571.43, 471428.57, 528000.00, '2018-03-22 23:14:00'),
(99, 25, 7, 1, '', 165000.00, 1375000.00, 1540000.00, '2018-03-22 23:25:00'),
(100, 58, 7, 2, '', 348975.00, 2908125.00, 3257100.00, '2018-03-23 17:19:00'),
(101, 58, 7, 2, '', 40071.43, 333928.57, 374000.00, '2018-03-23 17:49:00'),
(102, 58, 7, 2, '', 75000.00, 625000.00, 700000.00, '2018-03-23 17:50:00'),
(103, 58, 7, 1, '', 47142.86, 392857.14, 440000.00, '2018-03-23 18:22:00'),
(104, 58, 7, 1, '', 90000.00, 750000.00, 840000.00, '2018-03-23 22:44:00'),
(105, 58, 7, 2, '', 90000.00, 750000.00, 840000.00, '2018-03-26 17:59:00'),
(106, 58, 7, 2, '', 56571.43, 471428.57, 528000.00, '2018-03-26 18:12:00'),
(107, 58, 7, 1, '', 180000.00, 1500000.00, 1680000.00, '2018-03-26 23:40:00'),
(108, 58, 7, 1, '', 39642.86, 330357.14, 370000.00, '2018-03-26 23:41:00'),
(109, 58, 7, 1, '', 257142.86, 2142857.14, 2400000.00, '2018-03-27 01:05:00'),
(110, 58, 7, 1, '', 101250.00, 843750.00, 945000.00, '2018-03-27 19:45:00'),
(111, 58, 7, 1, '', 90000.00, 750000.00, 840000.00, '2018-03-28 02:13:00'),
(112, 58, 7, 1, '', 90000.00, 750000.00, 840000.00, '2018-03-28 02:14:00'),
(113, 58, 7, 1, '', 106071.43, 883928.57, 990000.00, '2018-03-28 20:39:00'),
(114, 58, 7, 1, '', 282857.14, 2357142.86, 2640000.00, '2018-03-28 20:40:00'),
(115, 58, 7, 2, '', 94285.71, 785714.29, 880000.00, '2018-03-28 22:13:00'),
(116, 58, 7, 2, '', 47142.86, 392857.14, 440000.00, '2018-03-28 22:29:00'),
(117, 58, 7, 1, '', 94285.71, 785714.29, 880000.00, '2018-03-29 01:22:00'),
(118, 58, 7, 1, '', 153214.29, 1276785.71, 1430000.00, '2018-04-02 19:07:00'),
(119, 58, 7, 1, '', 90000.00, 750000.00, 840000.00, '2018-04-03 22:11:00'),
(120, 58, 7, 1, '', 47142.86, 392857.14, 440000.00, '2018-04-03 23:16:00'),
(121, 58, 7, 1, '', 112500.00, 937500.00, 1050000.00, '2018-04-04 00:05:00'),
(122, 58, 7, 1, '', 120214.29, 1001785.71, 1122000.00, '2018-04-04 00:37:00'),
(123, 58, 7, 1, '', 58928.57, 491071.43, 550000.00, '2018-04-04 23:49:00'),
(124, 58, 7, 1, '', 96642.86, 805357.14, 902000.00, '2018-04-04 23:51:00'),
(125, 58, 7, 2, '', 160714.29, 1339285.71, 1500000.00, '2018-04-06 00:18:00'),
(126, 58, 7, 1, '', 47142.86, 392857.14, 440000.00, '2018-04-06 16:46:00'),
(127, 58, 7, 1, '', 142500.00, 1187500.00, 1330000.00, '2018-04-06 17:17:00'),
(128, 58, 7, 1, '', 244285.71, 2035714.29, 2280000.00, '2018-04-06 21:08:00'),
(129, 58, 7, 1, '', 47142.86, 392857.14, 440000.00, '2018-04-06 21:33:00'),
(130, 58, 7, 1, '', 142500.00, 1187500.00, 1330000.00, '2018-04-07 19:26:00'),
(131, 58, 7, 1, '', 47142.86, 392857.14, 440000.00, '2018-04-09 23:07:00'),
(132, 58, 7, 1, '', 27857.14, 232142.86, 260000.00, '2018-04-09 23:20:00'),
(133, 58, 1, 2, '', 96642.86, 805357.14, 902000.00, '2018-04-10 23:11:00'),
(134, 58, 1, 2, '', 47142.86, 392857.14, 440000.00, '2018-04-11 00:13:00'),
(135, 58, 7, 1, '', 174642.86, 1455357.14, 1630000.00, '2018-04-11 00:43:00'),
(136, 58, 7, 1, '', 85714.29, 714285.71, 800000.00, '2018-04-11 00:44:00'),
(137, 58, 7, 2, '', 49500.00, 412500.00, 462000.00, '2018-04-11 23:10:00'),
(138, 58, 7, 2, '', 177857.14, 1482142.86, 1660000.00, '2018-04-12 00:23:00'),
(139, 58, 7, 1, '', 47142.86, 392857.14, 440000.00, '2018-04-12 01:09:00'),
(140, 58, 7, 2, '', 47142.86, 392857.14, 440000.00, '2018-04-12 21:32:00'),
(141, 58, 7, 2, '', 47142.86, 392857.14, 440000.00, '2018-04-19 18:08:00'),
(142, 58, 7, 2, '', 49500.00, 412500.00, 462000.00, '2018-04-20 00:08:00'),
(143, 58, 7, 1, '', 197142.86, 1642857.14, 1840000.00, '2018-04-20 16:56:00'),
(144, 58, 7, 1, '', 47142.86, 392857.14, 440000.00, '2018-04-20 18:58:00'),
(145, 58, 7, 1, '', 247500.00, 2062500.00, 2310000.00, '2018-04-20 23:36:00'),
(146, 58, 7, 1, '', 47142.86, 392857.14, 440000.00, '2018-04-20 23:37:00'),
(147, 58, 7, 1, '', 47142.86, 392857.14, 440000.00, '2018-04-21 01:10:00'),
(148, 58, 7, 1, '', 47142.86, 392857.14, 440000.00, '2018-04-23 18:55:00'),
(149, 58, 7, 1, '', 174642.86, 1455357.14, 1630000.00, '2018-04-30 22:32:00'),
(150, 58, 7, 1, '', 99642.86, 830357.14, 930000.00, '2018-04-30 22:33:00'),
(151, 58, 7, 1, '', 49500.00, 412500.00, 462000.00, '2018-05-01 18:10:00'),
(152, 58, 7, 1, '', 94285.71, 785714.29, 880000.00, '2018-05-01 18:14:00'),
(153, 58, 7, 1, '', 99000.00, 825000.00, 924000.00, '2018-05-05 17:32:00'),
(154, 58, 7, 1, '', 122571.43, 1021428.57, 1144000.00, '2018-05-07 16:48:00'),
(155, 58, 7, 1, '', 122571.43, 1021428.57, 1144000.00, '2018-05-07 23:28:00'),
(156, 58, 7, 1, '', 99000.00, 825000.00, 924000.00, '2018-05-08 01:15:00'),
(157, 58, 7, 1, '', 99000.00, 825000.00, 924000.00, '2018-05-08 01:19:00'),
(158, 58, 7, 1, '', 171600.00, 1430000.00, 1601600.00, '2018-05-14 23:10:00'),
(159, 58, 7, 1, '', 1020000.00, 8500000.00, 9520000.00, '2018-05-14 23:11:00'),
(160, 58, 7, 1, '', 171600.00, 1430000.00, 1601600.00, '2018-05-15 00:15:00'),
(161, 58, 7, 1, '', 171600.00, 1430000.00, 1601600.00, '2018-05-15 16:33:00'),
(162, 58, 7, 1, '', 171600.00, 1430000.00, 1601600.00, '2018-05-15 17:22:00'),
(163, 58, 7, 1, '', 28500.00, 237500.00, 266000.00, '2018-05-15 17:22:00'),
(165, 58, 7, 1, '', 810000.00, 6750000.00, 7560000.00, '2018-05-15 23:45:00'),
(166, 58, 7, 2, '', 510000.00, 4250000.00, 4760000.00, '2018-05-16 00:13:00'),
(167, 58, 7, 2, '', 210000.00, 1750000.00, 1960000.00, '2018-05-16 00:20:00'),
(168, 58, 7, 1, '', 225000.00, 1875000.00, 2100000.00, '2018-05-16 22:03:00'),
(169, 58, 7, 1, '', 171600.00, 1430000.00, 1601600.00, '2018-05-16 23:50:00'),
(170, 58, 7, 1, '', 480000.00, 4000000.00, 4480000.00, '2018-05-17 00:04:00'),
(171, 58, 7, 1, '', 609840.00, 5082000.00, 5691840.00, '2018-05-18 01:14:00'),
(172, 58, 7, 1, '', 188760.00, 1573000.00, 1761760.00, '2018-05-18 01:19:00'),
(173, 58, 7, 1, '', 152460.00, 1270500.00, 1422960.00, '2018-05-18 18:49:00'),
(174, 58, 7, 1, '', 561000.00, 4675000.00, 5236000.00, '2018-05-18 18:56:00'),
(175, 58, 7, 1, '', 226512.00, 1887600.00, 2114112.00, '2018-05-21 22:58:00'),
(176, 58, 7, 1, '', 216.00, 1800.00, 2016.00, '2018-05-24 22:04:00'),
(177, 58, 7, 1, '', 428.57, 3571.43, 4000.00, '2018-05-24 22:05:00'),
(178, 58, 7, 1, '', 216.00, 1800.00, 2016.00, '2018-05-24 22:06:00'),
(179, 58, 7, 1, '', 214.29, 1785.71, 2000.00, '2018-05-25 23:01:00'),
(180, 58, 7, 1, '', 289.29, 2410.71, 2700.00, '2018-05-26 00:25:00'),
(181, 58, 7, 1, '', 214.29, 1785.71, 2000.00, '2018-05-29 18:23:00'),
(182, 58, 7, 1, '', 214.29, 1785.71, 2000.00, '2018-05-30 23:00:00'),
(183, 58, 7, 1, '', 214.29, 1785.71, 2000.00, '2018-05-31 17:29:00'),
(184, 58, 7, 1, '', 214.29, 1785.71, 2000.00, '2018-05-31 17:30:00'),
(185, 58, 7, 1, '', 214.29, 1785.71, 2000.00, '2018-05-31 19:18:00'),
(186, 58, 7, 1, '', 214.29, 1785.71, 2000.00, '2018-05-31 22:46:00'),
(187, 58, 7, 1, '', 925.71, 7714.29, 8640.00, '2018-06-04 16:04:00'),
(188, 58, 7, 1, '', 214.29, 1785.71, 2000.00, '2018-06-07 21:37:00'),
(189, 58, 7, 1, '', 214.29, 1785.71, 2000.00, '2018-06-08 17:44:00'),
(190, 58, 7, 1, '', 214.29, 1785.71, 2000.00, '2018-06-08 18:34:00'),
(191, 58, 7, 1, '', 108.00, 900.00, 1008.00, '2018-06-08 21:47:00'),
(192, 58, 7, 1, '', 469.29, 3910.71, 4380.00, '2018-06-11 21:42:00'),
(193, 58, 7, 1, '', 321.43, 2678.57, 3000.00, '2018-06-12 19:13:00'),
(194, 58, 7, 1, '', 312.86, 2607.14, 2920.00, '2018-06-15 22:30:00'),
(195, 58, 7, 1, '', 450.00, 3750.00, 4200.00, '2018-06-15 22:55:00'),
(196, 58, 7, 1, '', 606.86, 5057.14, 5664.00, '2018-06-18 18:16:00'),
(197, 58, 7, 1, '', 428.57, 3571.43, 4000.00, '2018-06-22 22:52:00'),
(198, 58, 7, 1, '', 1155.00, 9625.00, 10780.00, '2018-06-27 17:04:00'),
(199, 58, 7, 1, '', 390.00, 3250.00, 3640.00, '2018-06-27 21:10:00'),
(200, 58, 7, 1, '', 349.29, 2910.71, 3260.00, '2018-06-30 17:37:00'),
(201, 2, 7, 1, '', 642.86, 5357.14, 6000.00, '2018-07-10 16:58:00'),
(202, 58, 7, 1, '', 1607.14, 13392.86, 15000.00, '2018-07-24 17:09:00'),
(203, 58, 7, 1, '', 1786.29, 14885.71, 16672.00, '2018-07-24 17:12:00');

-- --------------------------------------------------------

--
-- Estructura de tabla para la tabla `venta_detalle`
--

CREATE TABLE `venta_detalle` (
  `id` int(11) NOT NULL,
  `venta_id` int(11) NOT NULL,
  `cod_pro_id` varchar(20) NOT NULL,
  `cant` int(11) NOT NULL,
  `sub_total` double(9,2) NOT NULL
) ENGINE=InnoDB DEFAULT CHARSET=latin1;

--
-- Volcado de datos para la tabla `venta_detalle`
--

INSERT INTO `venta_detalle` (`id`, `venta_id`, `cod_pro_id`, `cant`, `sub_total`) VALUES
(2, 2, 'cahu+', 1, 600000.00),
(3, 41, 'TASA9190B', 1, 300000.00),
(4, 42, 'CABE6G', 1, 500000.00),
(5, 43, 'GLSAS7', 1, 400000.00),
(6, 44, 'GLSAJ5', 1, 400000.00),
(8, 46, 'BANO4C', 1, 1300000.00),
(9, 47, 'MISA9300A', 1, 400000.00),
(10, 48, 'GLSAS3', 1, 400000.00),
(11, 49, 'CABE4G', 1, 480000.00),
(12, 50, 'CABE6G', 1, 500000.00),
(13, 51, 'GLMOG2', 1, 400000.00),
(14, 52, 'CABESA', 1, 480000.00),
(15, 53, 'SETESO', 1, 500000.00),
(16, 54, 'CASA1M', 1, 240000.00),
(18, 56, 'CABE4G', 1, 528000.00),
(19, 57, 'CAZT', 1, 924000.00),
(20, 58, 'GLSAJ7-P', 2, 880000.00),
(21, 59, 'AUSAS8', 2, 1980000.00),
(22, 60, 'CASA1M', 2, 528000.00),
(23, 61, 'CACASA', 1, 1430000.00),
(24, 62, 'CABP6G', 1, 1804000.00),
(25, 63, 'CASA3N1', 1, 1320000.00),
(26, 64, 'CAGEV3', 1, 528000.00),
(27, 65, 'CAGEV8', 1, 528000.00),
(28, 66, 'CAHUPL', 1, 902000.00),
(29, 67, 'CAUN3D', 3, 1584000.00),
(30, 68, 'GLHU320', 1, 440000.00),
(31, 69, 'GLSAJ1-6', 2, 880000.00),
(32, 70, 'GLSAJ7', 1, 440000.00),
(33, 71, 'GLSAJ7-6', 2, 880000.00),
(34, 72, 'GLSAS4', 1, 440000.00),
(35, 73, 'GLSAS5M', 1, 440000.00),
(36, 74, 'GLZT765', 1, 440000.00),
(37, 75, 'SETEMA', 1, 400000.00),
(38, 76, 'BASA7272', 1, 924000.00),
(39, 77, 'CASA1M', 2, 528000.00),
(40, 78, 'MISA8190A', 1, 440000.00),
(41, 79, 'basas3m', 2, 1680000.00),
(42, 80, 'CABE4G', 1, 528000.00),
(44, 82, 'GLUN5.5', 1, 440000.00),
(45, 83, 'CAGR4G', 1, 726000.00),
(46, 84, 'CAGRSA', 1, 760000.00),
(47, 85, 'TAZT865', 1, 2237400.00),
(48, 86, 'TAZTKII', 1, 1425600.00),
(49, 87, 'BAHU980', 1, 1320000.00),
(50, 87, 'CASA3N1', 1, 1320000.00),
(51, 88, 'CASA1M', 1, 264000.00),
(52, 89, 'CAUN', 1, 396000.00),
(53, 89, 'CABL', 1, 924000.00),
(54, 90, 'CAUN', 1, 396000.00),
(55, 90, 'CABL', 1, 924000.00),
(57, 91, 'BASAS3M', 1, 840000.00),
(58, 92, 'CAOT', 1, 176000.00),
(59, 93, 'CASATA', 1, 660000.00),
(60, 94, 'CASA1M', 1, 264000.00),
(61, 95, 'BASAS3M', 6, 5040000.00),
(62, 96, 'BAHUCM990', 1, 945000.00),
(63, 97, 'BAHUY300', 1, 1155000.00),
(64, 98, 'CABESA', 1, 528000.00),
(65, 99, 'BASA250', 2, 1540000.00),
(66, 100, 'TAHUY511', 1, 1386000.00),
(67, 100, 'TAZTBL2', 1, 1871100.00),
(68, 101, 'TASA9500B', 1, 374000.00),
(69, 102, 'MIAL5017', 1, 700000.00),
(70, 103, 'MISA8190B', 1, 440000.00),
(71, 104, 'basas3m', 1, 840000.00),
(72, 105, 'BANO4C', 1, 840000.00),
(73, 106, 'CABE4G', 1, 528000.00),
(74, 107, 'BASAS3M', 2, 1680000.00),
(75, 108, 'CASA1M', 1, 370000.00),
(76, 109, 'CABEQI6', 1, 2400000.00),
(77, 110, 'BAHUCM990', 1, 945000.00),
(78, 111, 'BANO4C', 1, 840000.00),
(79, 112, 'BANO4C', 1, 840000.00),
(80, 113, 'AUSAS8', 1, 990000.00),
(81, 114, 'CASA3N1', 2, 2640000.00),
(82, 115, 'GLUN4.3', 2, 880000.00),
(83, 116, 'GLSAJ5', 1, 440000.00),
(84, 117, 'GLUN4.0', 2, 880000.00),
(85, 118, 'CACASA', 1, 1430000.00),
(86, 119, 'bano4c', 1, 840000.00),
(87, 120, 'GLSAJ1-A', 1, 440000.00),
(88, 121, 'CAZT', 1, 1050000.00),
(89, 122, 'BAZT791', 1, 1122000.00),
(90, 123, 'FOGEHU730', 1, 550000.00),
(91, 124, 'CAHUPL', 1, 902000.00),
(92, 125, 'basas5830', 1, 1500000.00),
(93, 126, 'GLSAJ1', 1, 440000.00),
(94, 127, 'CAZT', 1, 1330000.00),
(95, 128, 'CAUN3D', 3, 2280000.00),
(96, 129, 'GLSAJ3', 1, 440000.00),
(97, 130, 'CABL', 1, 1330000.00),
(98, 131, 'glsaj7-p', 1, 440000.00),
(99, 132, 'CAOT', 1, 260000.00),
(100, 133, 'GLSAS3M', 1, 440000.00),
(101, 133, 'GLSAJ2-P', 1, 462000.00),
(102, 134, 'GLSA7562', 1, 440000.00),
(103, 135, 'CABL', 1, 1630000.00),
(105, 137, 'GLSAJ2-P', 1, 462000.00),
(106, 138, 'basas1', 1, 1660000.00),
(107, 139, 'GLSAJ5-p', 1, 440000.00),
(109, 141, 'GLSAJ5', 1, 440000.00),
(110, 142, 'glun4.5', 1, 462000.00),
(111, 143, 'CAGEV8', 2, 1840000.00),
(112, 144, 'GLSAJ1-6', 1, 440000.00),
(113, 145, 'GLSAJ2-P', 5, 2310000.00),
(114, 146, 'GLSAJ1', 1, 440000.00),
(115, 147, 'GLSAJ5', 1, 440000.00),
(116, 148, 'GLMOG2', 1, 440000.00),
(117, 149, 'CAZT', 1, 1630000.00),
(118, 150, 'CABE4G', 1, 930000.00),
(119, 151, 'GLZTBL2', 1, 462000.00),
(120, 152, 'GLSAS3M', 2, 880000.00),
(121, 153, 'GLZTBL2', 1, 924000.00),
(122, 154, 'glun4.0', 1, 1144000.00),
(123, 155, 'GLMOG5', 1, 1144000.00),
(124, 156, 'GLZTV865', 1, 924000.00),
(125, 157, 'GLZTBL2', 1, 924000.00),
(126, 158, 'GLUN5.5', 1, 1601600.00),
(127, 159, 'CASA3N1', 2, 9520000.00),
(128, 160, 'GLSAJ5', 1, 1601600.00),
(129, 161, 'glhuy6', 1, 1601600.00),
(130, 162, 'GLUN5.3', 1, 1601600.00),
(132, 163, 'CAGR6G', 1, 2800000.00),
(133, 165, 'CABEQI6', 1, 7560000.00),
(134, 166, 'CASA3N1', 1, 4760000.00),
(135, 167, 'CABE4G', 1, 1960000.00),
(136, 168, 'CABPP', 1, 2100000.00),
(137, 169, 'GLSAS6', 1, 1601600.00),
(138, 170, 'BASAJ1', 1, 4480000.00),
(139, 171, 'GLUN4.5', 4, 5691840.00),
(140, 172, 'GLIP7G/SP', 1, 1761760.00),
(141, 173, 'GLZTBL2', 1, 1422960.00),
(142, 174, 'casa3n1', 1, 5236000.00),
(143, 175, 'GLSAJ1', 1, 2114112.00),
(144, 176, 'CABE4G', 1, 2016.00),
(145, 177, 'GLIP4G/S', 2, 4000.00),
(146, 178, 'CABE6G', 1, 2016.00),
(147, 179, 'GLMOG5', 1, 2000.00),
(148, 180, 'FOGESAS4', 3, 2700.00),
(149, 181, 'GLSAS6', 1, 2000.00),
(150, 182, 'GLSAJ1-A', 1, 2000.00),
(151, 183, 'GLSAS3M', 1, 2000.00),
(152, 184, 'GLZT815', 1, 2000.00),
(153, 185, 'GLSAJ7-6', 1, 2000.00),
(154, 186, 'GLSAJ1-6', 1, 2000.00),
(155, 187, 'CAGR4G', 2, 8640.00),
(156, 188, 'GLSAS4', 1, 2000.00),
(157, 189, 'GLUN5.3', 1, 2000.00),
(158, 190, 'GLSAS3', 1, 2000.00),
(159, 191, 'casa1m', 1, 1008.00),
(160, 192, 'basas5m', 1, 4380.00),
(161, 193, 'GLHU510', 1, 3000.00),
(162, 194, 'basa9070', 1, 2920.00),
(163, 195, 'BABL3160T', 1, 4200.00),
(164, 196, 'CAGRSA', 2, 5664.00),
(165, 197, 'glsas4m', 1, 2000.00),
(166, 197, 'glun4.5', 1, 2000.00),
(167, 198, 'GLMOG1', 1, 1400.00),
(168, 198, 'BAHUCM990', 1, 3380.00),
(169, 198, 'TAHUY210', 1, 6000.00),
(170, 199, 'BASAS4M', 1, 3640.00),
(171, 200, 'BASA313', 1, 3260.00),
(172, 201, 'TAHUY520', 1, 6000.00),
(173, 202, 'glsaj1-p', 1, 2000.00),
(174, 202, 'glsas3m', 3, 6000.00),
(175, 202, 'misas4n', 1, 2000.00),
(176, 202, 'glsaj1-m', 1, 2000.00),
(177, 202, 'balgl7', 1, 3000.00),
(178, 203, 'cabeqv8', 1, 8112.00),
(179, 203, 'tasas3mb', 1, 2000.00),
(180, 203, 'misa8190b', 1, 2000.00),
(181, 203, 'cacasa', 1, 4560.00);

--
-- Índices para tablas volcadas
--

--
-- Indices de la tabla `cargo`
--
ALTER TABLE `cargo`
  ADD PRIMARY KEY (`id`);

--
-- Indices de la tabla `clientes`
--
ALTER TABLE `clientes`
  ADD PRIMARY KEY (`id`),
  ADD UNIQUE KEY `ced_cli` (`ced_cli`),
  ADD KEY `nac_id` (`nac_id`);

--
-- Indices de la tabla `compra`
--
ALTER TABLE `compra`
  ADD PRIMARY KEY (`id`),
  ADD KEY `rif_id` (`rif_id`),
  ADD KEY `usu_id` (`usu_id`),
  ADD KEY `pago_id` (`pago_id`);

--
-- Indices de la tabla `compra_detalle`
--
ALTER TABLE `compra_detalle`
  ADD PRIMARY KEY (`id`),
  ADD KEY `compra_id` (`compra_id`),
  ADD KEY `cod_pro_id` (`cod_pro_id`);

--
-- Indices de la tabla `empresa`
--
ALTER TABLE `empresa`
  ADD PRIMARY KEY (`id`);

--
-- Indices de la tabla `entrega`
--
ALTER TABLE `entrega`
  ADD PRIMARY KEY (`id`);

--
-- Indices de la tabla `equipo`
--
ALTER TABLE `equipo`
  ADD PRIMARY KEY (`id`);

--
-- Indices de la tabla `marca`
--
ALTER TABLE `marca`
  ADD PRIMARY KEY (`id`);

--
-- Indices de la tabla `nacionalidad`
--
ALTER TABLE `nacionalidad`
  ADD PRIMARY KEY (`id`);

--
-- Indices de la tabla `producto`
--
ALTER TABLE `producto`
  ADD PRIMARY KEY (`id`),
  ADD UNIQUE KEY `cod_pro` (`cod_pro`),
  ADD KEY `marca_id` (`marca_id`);

--
-- Indices de la tabla `proveedor`
--
ALTER TABLE `proveedor`
  ADD PRIMARY KEY (`id`),
  ADD UNIQUE KEY `rif_pro` (`rif_pro`);

--
-- Indices de la tabla `reparaciones`
--
ALTER TABLE `reparaciones`
  ADD PRIMARY KEY (`id`),
  ADD KEY `ced_id` (`ced_id`),
  ADD KEY `usu_id` (`usu_id`),
  ADD KEY `equipo_id` (`equipo_id`),
  ADD KEY `marca_id` (`marca_id`),
  ADD KEY `pago_id` (`pago_id`),
  ADD KEY `status_id` (`status_id`),
  ADD KEY `entrega_id` (`entrega_id`),
  ADD KEY `tecnico_id` (`tecnico_id`);

--
-- Indices de la tabla `repuesto`
--
ALTER TABLE `repuesto`
  ADD PRIMARY KEY (`id`),
  ADD KEY `cod_pro_id` (`cod_pro_id`),
  ADD KEY `reparacion_id` (`reparacion_id`);

--
-- Indices de la tabla `servicio`
--
ALTER TABLE `servicio`
  ADD PRIMARY KEY (`id`);

--
-- Indices de la tabla `status`
--
ALTER TABLE `status`
  ADD PRIMARY KEY (`id`);

--
-- Indices de la tabla `tbl_usuarios`
--
ALTER TABLE `tbl_usuarios`
  ADD PRIMARY KEY (`id`),
  ADD UNIQUE KEY `email` (`email`),
  ADD KEY `cargo_id` (`cargo_id`);

--
-- Indices de la tabla `tipo_pago`
--
ALTER TABLE `tipo_pago`
  ADD PRIMARY KEY (`id`);

--
-- Indices de la tabla `venta`
--
ALTER TABLE `venta`
  ADD PRIMARY KEY (`id`),
  ADD KEY `ced_id` (`ced_id`),
  ADD KEY `usu_id` (`usu_id`),
  ADD KEY `pago_id` (`pago_id`);

--
-- Indices de la tabla `venta_detalle`
--
ALTER TABLE `venta_detalle`
  ADD PRIMARY KEY (`id`),
  ADD KEY `venta_id` (`venta_id`),
  ADD KEY `cod_pro_id` (`cod_pro_id`);

--
-- AUTO_INCREMENT de las tablas volcadas
--

--
-- AUTO_INCREMENT de la tabla `cargo`
--
ALTER TABLE `cargo`
  MODIFY `id` int(11) NOT NULL AUTO_INCREMENT, AUTO_INCREMENT=4;
--
-- AUTO_INCREMENT de la tabla `clientes`
--
ALTER TABLE `clientes`
  MODIFY `id` int(11) NOT NULL AUTO_INCREMENT, AUTO_INCREMENT=425;
--
-- AUTO_INCREMENT de la tabla `compra`
--
ALTER TABLE `compra`
  MODIFY `id` int(11) NOT NULL AUTO_INCREMENT, AUTO_INCREMENT=4;
--
-- AUTO_INCREMENT de la tabla `compra_detalle`
--
ALTER TABLE `compra_detalle`
  MODIFY `id` int(11) NOT NULL AUTO_INCREMENT, AUTO_INCREMENT=4;
--
-- AUTO_INCREMENT de la tabla `empresa`
--
ALTER TABLE `empresa`
  MODIFY `id` int(11) NOT NULL AUTO_INCREMENT, AUTO_INCREMENT=2;
--
-- AUTO_INCREMENT de la tabla `entrega`
--
ALTER TABLE `entrega`
  MODIFY `id` int(11) NOT NULL AUTO_INCREMENT, AUTO_INCREMENT=4;
--
-- AUTO_INCREMENT de la tabla `equipo`
--
ALTER TABLE `equipo`
  MODIFY `id` int(11) NOT NULL AUTO_INCREMENT, AUTO_INCREMENT=3;
--
-- AUTO_INCREMENT de la tabla `marca`
--
ALTER TABLE `marca`
  MODIFY `id` int(11) NOT NULL AUTO_INCREMENT, AUTO_INCREMENT=98;
--
-- AUTO_INCREMENT de la tabla `nacionalidad`
--
ALTER TABLE `nacionalidad`
  MODIFY `id` int(11) NOT NULL AUTO_INCREMENT, AUTO_INCREMENT=3;
--
-- AUTO_INCREMENT de la tabla `producto`
--
ALTER TABLE `producto`
  MODIFY `id` int(11) NOT NULL AUTO_INCREMENT, AUTO_INCREMENT=414;
--
-- AUTO_INCREMENT de la tabla `proveedor`
--
ALTER TABLE `proveedor`
  MODIFY `id` int(11) NOT NULL AUTO_INCREMENT, AUTO_INCREMENT=2;
--
-- AUTO_INCREMENT de la tabla `reparaciones`
--
ALTER TABLE `reparaciones`
  MODIFY `id` int(11) NOT NULL AUTO_INCREMENT, AUTO_INCREMENT=454;
--
-- AUTO_INCREMENT de la tabla `repuesto`
--
ALTER TABLE `repuesto`
  MODIFY `id` int(11) NOT NULL AUTO_INCREMENT, AUTO_INCREMENT=10;
--
-- AUTO_INCREMENT de la tabla `servicio`
--
ALTER TABLE `servicio`
  MODIFY `id` int(11) NOT NULL AUTO_INCREMENT, AUTO_INCREMENT=25;
--
-- AUTO_INCREMENT de la tabla `status`
--
ALTER TABLE `status`
  MODIFY `id` int(11) NOT NULL AUTO_INCREMENT, AUTO_INCREMENT=4;
--
-- AUTO_INCREMENT de la tabla `tbl_usuarios`
--
ALTER TABLE `tbl_usuarios`
  MODIFY `id` int(11) NOT NULL AUTO_INCREMENT, AUTO_INCREMENT=11;
--
-- AUTO_INCREMENT de la tabla `tipo_pago`
--
ALTER TABLE `tipo_pago`
  MODIFY `id` int(11) NOT NULL AUTO_INCREMENT, AUTO_INCREMENT=4;
--
-- AUTO_INCREMENT de la tabla `venta`
--
ALTER TABLE `venta`
  MODIFY `id` int(11) NOT NULL AUTO_INCREMENT, AUTO_INCREMENT=204;
--
-- AUTO_INCREMENT de la tabla `venta_detalle`
--
ALTER TABLE `venta_detalle`
  MODIFY `id` int(11) NOT NULL AUTO_INCREMENT, AUTO_INCREMENT=182;
--
-- Restricciones para tablas volcadas
--

--
-- Filtros para la tabla `clientes`
--
ALTER TABLE `clientes`
  ADD CONSTRAINT `clientes_ibfk_1` FOREIGN KEY (`nac_id`) REFERENCES `nacionalidad` (`id`) ON DELETE CASCADE ON UPDATE CASCADE;

--
-- Filtros para la tabla `compra`
--
ALTER TABLE `compra`
  ADD CONSTRAINT `compra_ibfk_1` FOREIGN KEY (`rif_id`) REFERENCES `proveedor` (`id`) ON DELETE CASCADE ON UPDATE CASCADE,
  ADD CONSTRAINT `compra_ibfk_2` FOREIGN KEY (`usu_id`) REFERENCES `tbl_usuarios` (`id`) ON DELETE CASCADE ON UPDATE CASCADE,
  ADD CONSTRAINT `compra_ibfk_3` FOREIGN KEY (`pago_id`) REFERENCES `tipo_pago` (`id`) ON DELETE CASCADE ON UPDATE CASCADE;

--
-- Filtros para la tabla `compra_detalle`
--
ALTER TABLE `compra_detalle`
  ADD CONSTRAINT `compra_detalle_ibfk_1` FOREIGN KEY (`compra_id`) REFERENCES `compra` (`id`) ON DELETE CASCADE ON UPDATE CASCADE,
  ADD CONSTRAINT `compra_detalle_ibfk_2` FOREIGN KEY (`cod_pro_id`) REFERENCES `producto` (`cod_pro`) ON DELETE CASCADE ON UPDATE CASCADE;

--
-- Filtros para la tabla `producto`
--
ALTER TABLE `producto`
  ADD CONSTRAINT `producto_ibfk_1` FOREIGN KEY (`marca_id`) REFERENCES `marca` (`id`) ON DELETE CASCADE ON UPDATE CASCADE;

--
-- Filtros para la tabla `reparaciones`
--
ALTER TABLE `reparaciones`
  ADD CONSTRAINT `reparaciones_ibfk_1` FOREIGN KEY (`ced_id`) REFERENCES `clientes` (`id`) ON DELETE CASCADE ON UPDATE CASCADE,
  ADD CONSTRAINT `reparaciones_ibfk_2` FOREIGN KEY (`usu_id`) REFERENCES `tbl_usuarios` (`id`) ON DELETE CASCADE ON UPDATE CASCADE,
  ADD CONSTRAINT `reparaciones_ibfk_3` FOREIGN KEY (`equipo_id`) REFERENCES `equipo` (`id`) ON DELETE CASCADE ON UPDATE CASCADE,
  ADD CONSTRAINT `reparaciones_ibfk_4` FOREIGN KEY (`marca_id`) REFERENCES `marca` (`id`) ON DELETE CASCADE ON UPDATE CASCADE,
  ADD CONSTRAINT `reparaciones_ibfk_5` FOREIGN KEY (`pago_id`) REFERENCES `tipo_pago` (`id`) ON DELETE CASCADE ON UPDATE CASCADE,
  ADD CONSTRAINT `reparaciones_ibfk_6` FOREIGN KEY (`status_id`) REFERENCES `status` (`id`) ON DELETE CASCADE ON UPDATE CASCADE,
  ADD CONSTRAINT `reparaciones_ibfk_7` FOREIGN KEY (`entrega_id`) REFERENCES `entrega` (`id`),
  ADD CONSTRAINT `reparaciones_ibfk_8` FOREIGN KEY (`tecnico_id`) REFERENCES `tbl_usuarios` (`id`) ON DELETE CASCADE ON UPDATE CASCADE;

--
-- Filtros para la tabla `repuesto`
--
ALTER TABLE `repuesto`
  ADD CONSTRAINT `repuesto_ibfk_1` FOREIGN KEY (`cod_pro_id`) REFERENCES `producto` (`cod_pro`) ON DELETE CASCADE ON UPDATE CASCADE,
  ADD CONSTRAINT `repuesto_ibfk_2` FOREIGN KEY (`reparacion_id`) REFERENCES `reparaciones` (`id`) ON DELETE CASCADE ON UPDATE CASCADE;

--
-- Filtros para la tabla `tbl_usuarios`
--
ALTER TABLE `tbl_usuarios`
  ADD CONSTRAINT `tbl_usuarios_ibfk_1` FOREIGN KEY (`cargo_id`) REFERENCES `cargo` (`id`) ON DELETE CASCADE ON UPDATE CASCADE;

--
-- Filtros para la tabla `venta`
--
ALTER TABLE `venta`
  ADD CONSTRAINT `venta_ibfk_1` FOREIGN KEY (`ced_id`) REFERENCES `clientes` (`id`) ON DELETE CASCADE ON UPDATE CASCADE,
  ADD CONSTRAINT `venta_ibfk_2` FOREIGN KEY (`usu_id`) REFERENCES `tbl_usuarios` (`id`) ON DELETE CASCADE ON UPDATE CASCADE,
  ADD CONSTRAINT `venta_ibfk_3` FOREIGN KEY (`pago_id`) REFERENCES `tipo_pago` (`id`) ON DELETE CASCADE ON UPDATE CASCADE;

--
-- Filtros para la tabla `venta_detalle`
--
ALTER TABLE `venta_detalle`
  ADD CONSTRAINT `venta_detalle_ibfk_1` FOREIGN KEY (`venta_id`) REFERENCES `venta` (`id`) ON DELETE CASCADE ON UPDATE CASCADE,
  ADD CONSTRAINT `venta_detalle_ibfk_2` FOREIGN KEY (`cod_pro_id`) REFERENCES `producto` (`cod_pro`) ON DELETE CASCADE ON UPDATE CASCADE;
COMMIT;

/*!40101 SET CHARACTER_SET_CLIENT=@OLD_CHARACTER_SET_CLIENT */;
/*!40101 SET CHARACTER_SET_RESULTS=@OLD_CHARACTER_SET_RESULTS */;
/*!40101 SET COLLATION_CONNECTION=@OLD_COLLATION_CONNECTION */;
